file,line,type,commit,author,date,time,timezone,datetime,depth,length
style.css,1,css,5e7ffe39,Jacob Kavanal,2026-04-09,11:17:54,-07:00,2026-04-09T11:17:54-07:00,0,83
style.css,2,css,5e7ffe39,Jacob Kavanal,2026-04-09,11:17:54,-07:00,2026-04-09T11:17:54-07:00,0,0
style.css,3,css,5e7ffe39,Jacob Kavanal,2026-04-09,11:17:54,-07:00,2026-04-09T11:17:54-07:00,0,4
style.css,4,css,5e7ffe39,Jacob Kavanal,2026-04-09,11:17:54,-07:00,2026-04-09T11:17:54-07:00,2,31
style.css,5,css,5e7ffe39,Jacob Kavanal,2026-04-09,11:17:54,-07:00,2026-04-09T11:17:54-07:00,2,32
style.css,6,css,f9ebd7a7,Jacob Kavanal,2026-04-15,16:50:35,-07:00,2026-04-15T16:50:35-07:00,2,23
style.css,7,css,5e7ffe39,Jacob Kavanal,2026-04-09,11:17:54,-07:00,2026-04-09T11:17:54-07:00,0,0
style.css,8,css,5e7ffe39,Jacob Kavanal,2026-04-09,11:17:54,-07:00,2026-04-09T11:17:54-07:00,0,0
style.css,9,css,5e7ffe39,Jacob Kavanal,2026-04-09,11:17:54,-07:00,2026-04-09T11:17:54-07:00,0,4
style.css,10,css,5e7ffe39,Jacob Kavanal,2026-04-09,11:17:54,-07:00,2026-04-09T11:17:54-07:00,2,41
style.css,11,css,5e7ffe39,Jacob Kavanal,2026-04-09,11:17:54,-07:00,2026-04-09T11:17:54-07:00,2,15
style.css,12,css,5e7ffe39,Jacob Kavanal,2026-04-09,11:17:54,-07:00,2026-04-09T11:17:54-07:00,2,16
style.css,13,css,5e7ffe39,Jacob Kavanal,2026-04-09,11:17:54,-07:00,2026-04-09T11:17:54-07:00,2,17
style.css,14,css,5e7ffe39,Jacob Kavanal,2026-04-09,11:17:54,-07:00,2026-04-09T11:17:54-07:00,2,16
style.css,15,css,5e7ffe39,Jacob Kavanal,2026-04-09,11:17:54,-07:00,2026-04-09T11:17:54-07:00,2,17
style.css,16,css,5e7ffe39,Jacob Kavanal,2026-04-09,11:17:54,-07:00,2026-04-09T11:17:54-07:00,0,0
style.css,17,css,5e7ffe39,Jacob Kavanal,2026-04-09,11:17:54,-07:00,2026-04-09T11:17:54-07:00,0,0
style.css,18,css,5e7ffe39,Jacob Kavanal,2026-04-09,11:17:54,-07:00,2026-04-09T11:17:54-07:00,0,1
style.css,19,css,5e7ffe39,Jacob Kavanal,2026-04-09,11:17:54,-07:00,2026-04-09T11:17:54-07:00,0,1
style.css,20,css,5e7ffe39,Jacob Kavanal,2026-04-09,11:17:54,-07:00,2026-04-09T11:17:54-07:00,0,1
style.css,21,css,5e7ffe39,Jacob Kavanal,2026-04-09,11:17:54,-07:00,2026-04-09T11:17:54-07:00,0,1
style.css,22,css,5e7ffe39,Jacob Kavanal,2026-04-09,11:17:54,-07:00,2026-04-09T11:17:54-07:00,0,1
style.css,23,css,5e7ffe39,Jacob Kavanal,2026-04-09,11:17:54,-07:00,2026-04-09T11:17:54-07:00,0,2
style.css,24,css,5e7ffe39,Jacob Kavanal,2026-04-09,11:17:54,-07:00,2026-04-09T11:17:54-07:00,2,15
style.css,25,css,5e7ffe39,Jacob Kavanal,2026-04-09,11:17:54,-07:00,2026-04-09T11:17:54-07:00,2,17
style.css,26,css,5e7ffe39,Jacob Kavanal,2026-04-09,11:17:54,-07:00,2026-04-09T11:17:54-07:00,0,0
style.css,27,css,5e7ffe39,Jacob Kavanal,2026-04-09,11:17:54,-07:00,2026-04-09T11:17:54-07:00,0,0
style.css,28,css,5e7ffe39,Jacob Kavanal,2026-04-09,11:17:54,-07:00,2026-04-09T11:17:54-07:00,0,2
style.css,29,css,5e7ffe39,Jacob Kavanal,2026-04-09,11:17:54,-07:00,2026-04-09T11:17:54-07:00,2,14
style.css,30,css,5e7ffe39,Jacob Kavanal,2026-04-09,11:17:54,-07:00,2026-04-09T11:17:54-07:00,0,0
style.css,31,css,5e7ffe39,Jacob Kavanal,2026-04-09,11:17:54,-07:00,2026-04-09T11:17:54-07:00,0,0
style.css,32,css,5e7ffe39,Jacob Kavanal,2026-04-09,11:17:54,-07:00,2026-04-09T11:17:54-07:00,0,3
style.css,33,css,5e7ffe39,Jacob Kavanal,2026-04-09,11:17:54,-07:00,2026-04-09T11:17:54-07:00,2,12
style.css,34,css,5e7ffe39,Jacob Kavanal,2026-04-09,11:17:54,-07:00,2026-04-09T11:17:54-07:00,2,17
style.css,35,css,f9ebd7a7,Jacob Kavanal,2026-04-15,16:50:35,-07:00,2026-04-15T16:50:35-07:00,2,48
style.css,36,css,5e7ffe39,Jacob Kavanal,2026-04-09,11:17:54,-07:00,2026-04-09T11:17:54-07:00,0,0
style.css,37,css,5e7ffe39,Jacob Kavanal,2026-04-09,11:17:54,-07:00,2026-04-09T11:17:54-07:00,0,0
style.css,38,css,5e7ffe39,Jacob Kavanal,2026-04-09,11:17:54,-07:00,2026-04-09T11:17:54-07:00,0,5
style.css,39,css,5e7ffe39,Jacob Kavanal,2026-04-09,11:17:54,-07:00,2026-04-09T11:17:54-07:00,2,6
style.css,40,css,5e7ffe39,Jacob Kavanal,2026-04-09,11:17:54,-07:00,2026-04-09T11:17:54-07:00,2,20
style.css,41,css,5e7ffe39,Jacob Kavanal,2026-04-09,11:17:54,-07:00,2026-04-09T11:17:54-07:00,2,13
style.css,42,css,5e7ffe39,Jacob Kavanal,2026-04-09,11:17:54,-07:00,2026-04-09T11:17:54-07:00,2,17
style.css,43,css,5e7ffe39,Jacob Kavanal,2026-04-09,11:17:54,-07:00,2026-04-09T11:17:54-07:00,2,13
style.css,44,css,5e7ffe39,Jacob Kavanal,2026-04-09,11:17:54,-07:00,2026-04-09T11:17:54-07:00,0,0
style.css,45,css,5e7ffe39,Jacob Kavanal,2026-04-09,11:17:54,-07:00,2026-04-09T11:17:54-07:00,0,0
style.css,46,css,5e7ffe39,Jacob Kavanal,2026-04-09,11:17:54,-07:00,2026-04-09T11:17:54-07:00,0,13
style.css,47,css,f9ebd7a7,Jacob Kavanal,2026-04-15,16:50:35,-07:00,2026-04-15T16:50:35-07:00,2,50
style.css,48,css,5e7ffe39,Jacob Kavanal,2026-04-09,11:17:54,-07:00,2026-04-09T11:17:54-07:00,2,20
style.css,49,css,5e7ffe39,Jacob Kavanal,2026-04-09,11:17:54,-07:00,2026-04-09T11:17:54-07:00,0,0
style.css,50,css,5e7ffe39,Jacob Kavanal,2026-04-09,11:17:54,-07:00,2026-04-09T11:17:54-07:00,0,0
style.css,51,css,5e7ffe39,Jacob Kavanal,2026-04-09,11:17:54,-07:00,2026-04-09T11:17:54-07:00,0,11
style.css,52,css,5e7ffe39,Jacob Kavanal,2026-04-09,11:17:54,-07:00,2026-04-09T11:17:54-07:00,2,45
style.css,53,css,5e7ffe39,Jacob Kavanal,2026-04-09,11:17:54,-07:00,2026-04-09T11:17:54-07:00,2,20
style.css,54,css,5e7ffe39,Jacob Kavanal,2026-04-09,11:17:54,-07:00,2026-04-09T11:17:54-07:00,0,0
style.css,55,css,5e7ffe39,Jacob Kavanal,2026-04-09,11:17:54,-07:00,2026-04-09T11:17:54-07:00,0,0
style.css,56,css,5e7ffe39,Jacob Kavanal,2026-04-09,11:17:54,-07:00,2026-04-09T11:17:54-07:00,0,4
style.css,57,css,5e7ffe39,Jacob Kavanal,2026-04-09,11:17:54,-07:00,2026-04-09T11:17:54-07:00,2,12
style.css,58,css,5e7ffe39,Jacob Kavanal,2026-04-09,11:17:54,-07:00,2026-04-09T11:17:54-07:00,2,30
style.css,59,css,5e7ffe39,Jacob Kavanal,2026-04-09,11:17:54,-07:00,2026-04-09T11:17:54-07:00,2,7
style.css,60,css,5e7ffe39,Jacob Kavanal,2026-04-09,11:17:54,-07:00,2026-04-09T11:17:54-07:00,0,0
style.css,61,css,5e7ffe39,Jacob Kavanal,2026-04-09,11:17:54,-07:00,2026-04-09T11:17:54-07:00,0,0
style.css,62,css,5e7ffe39,Jacob Kavanal,2026-04-09,11:17:54,-07:00,2026-04-09T11:17:54-07:00,0,5
style.css,63,css,5e7ffe39,Jacob Kavanal,2026-04-09,11:17:54,-07:00,2026-04-09T11:17:54-07:00,2,12
style.css,64,css,5e7ffe39,Jacob Kavanal,2026-04-09,11:17:54,-07:00,2026-04-09T11:17:54-07:00,2,29
style.css,65,css,5e7ffe39,Jacob Kavanal,2026-04-09,11:17:54,-07:00,2026-04-09T11:17:54-07:00,2,18
style.css,66,css,5e7ffe39,Jacob Kavanal,2026-04-09,11:17:54,-07:00,2026-04-09T11:17:54-07:00,0,0
style.css,67,css,5e7ffe39,Jacob Kavanal,2026-04-09,11:17:54,-07:00,2026-04-09T11:17:54-07:00,0,0
style.css,68,css,5e7ffe39,Jacob Kavanal,2026-04-09,11:17:54,-07:00,2026-04-09T11:17:54-07:00,0,6
style.css,69,css,5e7ffe39,Jacob Kavanal,2026-04-09,11:17:54,-07:00,2026-04-09T11:17:54-07:00,2,18
style.css,70,css,5e7ffe39,Jacob Kavanal,2026-04-09,11:17:54,-07:00,2026-04-09T11:17:54-07:00,0,0
style.css,71,css,5e7ffe39,Jacob Kavanal,2026-04-09,11:17:54,-07:00,2026-04-09T11:17:54-07:00,0,0
style.css,72,css,5e7ffe39,Jacob Kavanal,2026-04-09,11:17:54,-07:00,2026-04-09T11:17:54-07:00,0,4
style.css,73,css,5e7ffe39,Jacob Kavanal,2026-04-09,11:17:54,-07:00,2026-04-09T11:17:54-07:00,0,7
style.css,74,css,5e7ffe39,Jacob Kavanal,2026-04-09,11:17:54,-07:00,2026-04-09T11:17:54-07:00,0,6
style.css,75,css,5e7ffe39,Jacob Kavanal,2026-04-09,11:17:54,-07:00,2026-04-09T11:17:54-07:00,2,12
style.css,76,css,5e7ffe39,Jacob Kavanal,2026-04-09,11:17:54,-07:00,2026-04-09T11:17:54-07:00,0,0
style.css,77,css,5e7ffe39,Jacob Kavanal,2026-04-09,11:17:54,-07:00,2026-04-09T11:17:54-07:00,0,0
style.css,78,css,5e7ffe39,Jacob Kavanal,2026-04-09,11:17:54,-07:00,2026-04-09T11:17:54-07:00,0,4
style.css,79,css,5e7ffe39,Jacob Kavanal,2026-04-09,11:17:54,-07:00,2026-04-09T11:17:54-07:00,0,8
style.css,80,css,5e7ffe39,Jacob Kavanal,2026-04-09,11:17:54,-07:00,2026-04-09T11:17:54-07:00,2,10
style.css,81,css,5e7ffe39,Jacob Kavanal,2026-04-09,11:17:54,-07:00,2026-04-09T11:17:54-07:00,2,21
style.css,82,css,5e7ffe39,Jacob Kavanal,2026-04-09,11:17:54,-07:00,2026-04-09T11:17:54-07:00,0,0
style.css,83,css,5e7ffe39,Jacob Kavanal,2026-04-09,11:17:54,-07:00,2026-04-09T11:17:54-07:00,0,0
style.css,84,css,5e7ffe39,Jacob Kavanal,2026-04-09,11:17:54,-07:00,2026-04-09T11:17:54-07:00,0,9
style.css,85,css,5e7ffe39,Jacob Kavanal,2026-04-09,11:17:54,-07:00,2026-04-09T11:17:54-07:00,2,12
style.css,86,css,5e7ffe39,Jacob Kavanal,2026-04-09,11:17:54,-07:00,2026-04-09T11:17:54-07:00,2,58
style.css,87,css,5e7ffe39,Jacob Kavanal,2026-04-09,11:17:54,-07:00,2026-04-09T11:17:54-07:00,2,7
style.css,88,css,5e7ffe39,Jacob Kavanal,2026-04-09,11:17:54,-07:00,2026-04-09T11:17:54-07:00,0,0
style.css,89,css,5e7ffe39,Jacob Kavanal,2026-04-09,11:17:54,-07:00,2026-04-09T11:17:54-07:00,0,0
style.css,90,css,5e7ffe39,Jacob Kavanal,2026-04-09,11:17:54,-07:00,2026-04-09T11:17:54-07:00,0,17
style.css,91,css,5e7ffe39,Jacob Kavanal,2026-04-09,11:17:54,-07:00,2026-04-09T11:17:54-07:00,2,12
style.css,92,css,5e7ffe39,Jacob Kavanal,2026-04-09,11:17:54,-07:00,2026-04-09T11:17:54-07:00,2,26
style.css,93,css,98c07d8f,Jacob Kavanal,2026-05-02,14:05:28,-07:00,2026-05-02T14:05:28-07:00,2,15
style.css,94,css,5e7ffe39,Jacob Kavanal,2026-04-09,11:17:54,-07:00,2026-04-09T11:17:54-07:00,0,0
style.css,95,css,5e7ffe39,Jacob Kavanal,2026-04-09,11:17:54,-07:00,2026-04-09T11:17:54-07:00,0,0
style.css,96,css,5e7ffe39,Jacob Kavanal,2026-04-09,11:17:54,-07:00,2026-04-09T11:17:54-07:00,0,12
style.css,97,css,5e7ffe39,Jacob Kavanal,2026-04-09,11:17:54,-07:00,2026-04-09T11:17:54-07:00,2,8
style.css,98,css,5e7ffe39,Jacob Kavanal,2026-04-09,11:17:54,-07:00,2026-04-09T11:17:54-07:00,0,0
style.css,99,css,5e7ffe39,Jacob Kavanal,2026-04-09,11:17:54,-07:00,2026-04-09T11:17:54-07:00,0,0
style.css,100,css,98c07d8f,Jacob Kavanal,2026-05-02,14:05:28,-07:00,2026-05-02T14:05:28-07:00,0,13
style.css,101,css,98c07d8f,Jacob Kavanal,2026-05-02,14:05:28,-07:00,2026-05-02T14:05:28-07:00,2,8
style.css,102,css,98c07d8f,Jacob Kavanal,2026-05-02,14:05:28,-07:00,2026-05-02T14:05:28-07:00,2,49
style.css,103,css,98c07d8f,Jacob Kavanal,2026-05-02,14:05:28,-07:00,2026-05-02T14:05:28-07:00,0,0
style.css,104,css,98c07d8f,Jacob Kavanal,2026-05-02,14:05:28,-07:00,2026-05-02T14:05:28-07:00,0,0
style.css,105,css,98c07d8f,Jacob Kavanal,2026-05-02,14:05:28,-07:00,2026-05-02T14:05:28-07:00,0,17
style.css,106,css,98c07d8f,Jacob Kavanal,2026-05-02,14:05:28,-07:00,2026-05-02T14:05:28-07:00,2,12
style.css,107,css,98c07d8f,Jacob Kavanal,2026-05-02,14:05:28,-07:00,2026-05-02T14:05:28-07:00,2,36
style.css,108,css,98c07d8f,Jacob Kavanal,2026-05-02,14:05:28,-07:00,2026-05-02T14:05:28-07:00,2,13
style.css,109,css,98c07d8f,Jacob Kavanal,2026-05-02,14:05:28,-07:00,2026-05-02T14:05:28-07:00,2,17
style.css,110,css,98c07d8f,Jacob Kavanal,2026-05-02,14:05:28,-07:00,2026-05-02T14:05:28-07:00,0,0
style.css,111,css,98c07d8f,Jacob Kavanal,2026-05-02,14:05:28,-07:00,2026-05-02T14:05:28-07:00,0,0
style.css,112,css,98c07d8f,Jacob Kavanal,2026-05-02,14:05:28,-07:00,2026-05-02T14:05:28-07:00,0,17
style.css,113,css,98c07d8f,Jacob Kavanal,2026-05-02,14:05:28,-07:00,2026-05-02T14:05:28-07:00,2,10
style.css,114,css,98c07d8f,Jacob Kavanal,2026-05-02,14:05:28,-07:00,2026-05-02T14:05:28-07:00,2,16
style.css,115,css,98c07d8f,Jacob Kavanal,2026-05-02,14:05:28,-07:00,2026-05-02T14:05:28-07:00,0,0
style.css,116,css,98c07d8f,Jacob Kavanal,2026-05-02,14:05:28,-07:00,2026-05-02T14:05:28-07:00,0,0
style.css,117,css,98c07d8f,Jacob Kavanal,2026-05-02,14:05:28,-07:00,2026-05-02T14:05:28-07:00,0,17
style.css,118,css,98c07d8f,Jacob Kavanal,2026-05-02,14:05:28,-07:00,2026-05-02T14:05:28-07:00,2,10
style.css,119,css,98c07d8f,Jacob Kavanal,2026-05-02,14:05:28,-07:00,2026-05-02T14:05:28-07:00,2,8
style.css,120,css,98c07d8f,Jacob Kavanal,2026-05-02,14:05:28,-07:00,2026-05-02T14:05:28-07:00,0,0
style.css,121,css,98c07d8f,Jacob Kavanal,2026-05-02,14:05:28,-07:00,2026-05-02T14:05:28-07:00,0,0
style.css,122,css,98c07d8f,Jacob Kavanal,2026-05-02,14:05:28,-07:00,2026-05-02T14:05:28-07:00,0,18
style.css,123,css,98c07d8f,Jacob Kavanal,2026-05-02,14:05:28,-07:00,2026-05-02T14:05:28-07:00,2,14
style.css,124,css,98c07d8f,Jacob Kavanal,2026-05-02,14:05:28,-07:00,2026-05-02T14:05:28-07:00,2,16
style.css,125,css,98c07d8f,Jacob Kavanal,2026-05-02,14:05:28,-07:00,2026-05-02T14:05:28-07:00,2,16
style.css,126,css,98c07d8f,Jacob Kavanal,2026-05-02,14:05:28,-07:00,2026-05-02T14:05:28-07:00,0,0
style.css,127,css,98c07d8f,Jacob Kavanal,2026-05-02,14:05:28,-07:00,2026-05-02T14:05:28-07:00,0,0
style.css,128,css,98c07d8f,Jacob Kavanal,2026-05-02,14:05:28,-07:00,2026-05-02T14:05:28-07:00,0,10
style.css,129,css,98c07d8f,Jacob Kavanal,2026-05-02,14:05:28,-07:00,2026-05-02T14:05:28-07:00,2,12
style.css,130,css,98c07d8f,Jacob Kavanal,2026-05-02,14:05:28,-07:00,2026-05-02T14:05:28-07:00,2,18
style.css,131,css,98c07d8f,Jacob Kavanal,2026-05-02,14:05:28,-07:00,2026-05-02T14:05:28-07:00,2,7
style.css,132,css,98c07d8f,Jacob Kavanal,2026-05-02,14:05:28,-07:00,2026-05-02T14:05:28-07:00,0,0
style.css,133,css,98c07d8f,Jacob Kavanal,2026-05-02,14:05:28,-07:00,2026-05-02T14:05:28-07:00,0,0
style.css,134,css,98c07d8f,Jacob Kavanal,2026-05-02,14:05:28,-07:00,2026-05-02T14:05:28-07:00,0,7
style.css,135,css,98c07d8f,Jacob Kavanal,2026-05-02,14:05:28,-07:00,2026-05-02T14:05:28-07:00,2,12
style.css,136,css,98c07d8f,Jacob Kavanal,2026-05-02,14:05:28,-07:00,2026-05-02T14:05:28-07:00,2,57
style.css,137,css,98c07d8f,Jacob Kavanal,2026-05-02,14:05:28,-07:00,2026-05-02T14:05:28-07:00,2,7
style.css,138,css,98c07d8f,Jacob Kavanal,2026-05-02,14:05:28,-07:00,2026-05-02T14:05:28-07:00,2,6
style.css,139,css,98c07d8f,Jacob Kavanal,2026-05-02,14:05:28,-07:00,2026-05-02T14:05:28-07:00,2,12
style.css,140,css,98c07d8f,Jacob Kavanal,2026-05-02,14:05:28,-07:00,2026-05-02T14:05:28-07:00,2,11
style.css,141,css,98c07d8f,Jacob Kavanal,2026-05-02,14:05:28,-07:00,2026-05-02T14:05:28-07:00,2,41
style.css,142,css,98c07d8f,Jacob Kavanal,2026-05-02,14:05:28,-07:00,2026-05-02T14:05:28-07:00,2,15
style.css,143,css,98c07d8f,Jacob Kavanal,2026-05-02,14:05:28,-07:00,2026-05-02T14:05:28-07:00,0,0
style.css,144,css,98c07d8f,Jacob Kavanal,2026-05-02,14:05:28,-07:00,2026-05-02T14:05:28-07:00,0,0
style.css,145,css,98c07d8f,Jacob Kavanal,2026-05-02,14:05:28,-07:00,2026-05-02T14:05:28-07:00,0,12
style.css,146,css,98c07d8f,Jacob Kavanal,2026-05-02,14:05:28,-07:00,2026-05-02T14:05:28-07:00,2,12
style.css,147,css,98c07d8f,Jacob Kavanal,2026-05-02,14:05:28,-07:00,2026-05-02T14:05:28-07:00,2,18
style.css,148,css,98c07d8f,Jacob Kavanal,2026-05-02,14:05:28,-07:00,2026-05-02T14:05:28-07:00,2,9
style.css,149,css,98c07d8f,Jacob Kavanal,2026-05-02,14:05:28,-07:00,2026-05-02T14:05:28-07:00,0,0
style.css,150,css,98c07d8f,Jacob Kavanal,2026-05-02,14:05:28,-07:00,2026-05-02T14:05:28-07:00,0,0
style.css,151,css,98c07d8f,Jacob Kavanal,2026-05-02,14:05:28,-07:00,2026-05-02T14:05:28-07:00,0,7
style.css,152,css,98c07d8f,Jacob Kavanal,2026-05-02,14:05:28,-07:00,2026-05-02T14:05:28-07:00,2,20
style.css,153,css,98c07d8f,Jacob Kavanal,2026-05-02,14:05:28,-07:00,2026-05-02T14:05:28-07:00,2,9
style.css,154,css,98c07d8f,Jacob Kavanal,2026-05-02,14:05:28,-07:00,2026-05-02T14:05:28-07:00,2,18
style.css,155,css,98c07d8f,Jacob Kavanal,2026-05-02,14:05:28,-07:00,2026-05-02T14:05:28-07:00,2,23
style.css,156,css,98c07d8f,Jacob Kavanal,2026-05-02,14:05:28,-07:00,2026-05-02T14:05:28-07:00,2,19
style.css,157,css,98c07d8f,Jacob Kavanal,2026-05-02,14:05:28,-07:00,2026-05-02T14:05:28-07:00,0,0
style.css,158,css,98c07d8f,Jacob Kavanal,2026-05-02,14:05:28,-07:00,2026-05-02T14:05:28-07:00,0,0
style.css,159,css,98c07d8f,Jacob Kavanal,2026-05-02,14:05:28,-07:00,2026-05-02T14:05:28-07:00,0,23
style.css,160,css,98c07d8f,Jacob Kavanal,2026-05-02,14:05:28,-07:00,2026-05-02T14:05:28-07:00,2,14
style.css,161,css,98c07d8f,Jacob Kavanal,2026-05-02,14:05:28,-07:00,2026-05-02T14:05:28-07:00,2,16
style.css,162,css,98c07d8f,Jacob Kavanal,2026-05-02,14:05:28,-07:00,2026-05-02T14:05:28-07:00,0,0
style.css,163,css,98c07d8f,Jacob Kavanal,2026-05-02,14:05:28,-07:00,2026-05-02T14:05:28-07:00,0,0
style.css,164,css,98c07d8f,Jacob Kavanal,2026-05-02,14:05:28,-07:00,2026-05-02T14:05:28-07:00,0,51
style.css,165,css,98c07d8f,Jacob Kavanal,2026-05-02,14:05:28,-07:00,2026-05-02T14:05:28-07:00,2,11
style.css,166,css,98c07d8f,Jacob Kavanal,2026-05-02,14:05:28,-07:00,2026-05-02T14:05:28-07:00,0,0
style.css,167,css,98c07d8f,Jacob Kavanal,2026-05-02,14:05:28,-07:00,2026-05-02T14:05:28-07:00,0,0
style.css,168,css,98c07d8f,Jacob Kavanal,2026-05-02,14:05:28,-07:00,2026-05-02T14:05:28-07:00,0,9
style.css,169,css,98c07d8f,Jacob Kavanal,2026-05-02,14:05:28,-07:00,2026-05-02T14:05:28-07:00,2,35
style.css,170,css,98c07d8f,Jacob Kavanal,2026-05-02,14:05:28,-07:00,2026-05-02T14:05:28-07:00,0,0
style.css,171,css,98c07d8f,Jacob Kavanal,2026-05-02,14:05:28,-07:00,2026-05-02T14:05:28-07:00,0,0
style.css,172,css,98c07d8f,Jacob Kavanal,2026-05-02,14:05:28,-07:00,2026-05-02T14:05:28-07:00,0,18
style.css,173,css,98c07d8f,Jacob Kavanal,2026-05-02,14:05:28,-07:00,2026-05-02T14:05:28-07:00,2,17
style.css,174,css,98c07d8f,Jacob Kavanal,2026-05-02,14:05:28,-07:00,2026-05-02T14:05:28-07:00,0,0
style.css,175,css,98c07d8f,Jacob Kavanal,2026-05-02,14:05:28,-07:00,2026-05-02T14:05:28-07:00,0,0
style.css,176,css,f9ebd7a7,Jacob Kavanal,2026-04-15,16:50:35,-07:00,2026-04-15T16:50:35-07:00,0,13
style.css,177,css,f9ebd7a7,Jacob Kavanal,2026-04-15,16:50:35,-07:00,2026-04-15T16:50:35-07:00,2,17
style.css,178,css,f9ebd7a7,Jacob Kavanal,2026-04-15,16:50:35,-07:00,2026-04-15T16:50:35-07:00,2,8
style.css,179,css,f9ebd7a7,Jacob Kavanal,2026-04-15,16:50:35,-07:00,2026-04-15T16:50:35-07:00,2,10
style.css,180,css,f9ebd7a7,Jacob Kavanal,2026-04-15,16:50:35,-07:00,2026-04-15T16:50:35-07:00,2,12
style.css,181,css,f9ebd7a7,Jacob Kavanal,2026-04-15,16:50:35,-07:00,2026-04-15T16:50:35-07:00,2,13
style.css,182,css,f9ebd7a7,Jacob Kavanal,2026-04-15,16:50:35,-07:00,2026-04-15T16:50:35-07:00,0,0
style.css,183,css,f9ebd7a7,Jacob Kavanal,2026-04-15,16:50:35,-07:00,2026-04-15T16:50:35-07:00,0,0
style.css,184,css,5e7ffe39,Jacob Kavanal,2026-04-09,11:17:54,-07:00,2026-04-09T11:17:54-07:00,0,30
style.css,185,css,5e7ffe39,Jacob Kavanal,2026-04-09,11:17:54,-07:00,2026-04-09T11:17:54-07:00,0,20
style.css,186,css,5e7ffe39,Jacob Kavanal,2026-04-09,11:17:54,-07:00,2026-04-09T11:17:54-07:00,2,17
style.css,187,css,f9ebd7a7,Jacob Kavanal,2026-04-15,16:50:35,-07:00,2026-04-15T16:50:35-07:00,2,45
style.css,188,css,5e7ffe39,Jacob Kavanal,2026-04-09,11:17:54,-07:00,2026-04-09T11:17:54-07:00,0,0
style.css,189,css,5e7ffe39,Jacob Kavanal,2026-04-09,11:17:54,-07:00,2026-04-09T11:17:54-07:00,0,0
style.css,190,css,5e7ffe39,Jacob Kavanal,2026-04-09,11:17:54,-07:00,2026-04-09T11:17:54-07:00,0,34
style.css,191,css,5e7ffe39,Jacob Kavanal,2026-04-09,11:17:54,-07:00,2026-04-09T11:17:54-07:00,2,12
style.css,192,css,5e7ffe39,Jacob Kavanal,2026-04-09,11:17:54,-07:00,2026-04-09T11:17:54-07:00,2,13
style.css,193,css,5e7ffe39,Jacob Kavanal,2026-04-09,11:17:54,-07:00,2026-04-09T11:17:54-07:00,0,0
style.css,194,css,5e7ffe39,Jacob Kavanal,2026-04-09,11:17:54,-07:00,2026-04-09T11:17:54-07:00,0,0
style.css,195,css,5e7ffe39,Jacob Kavanal,2026-04-09,11:17:54,-07:00,2026-04-09T11:17:54-07:00,0,15
style.css,196,css,5e7ffe39,Jacob Kavanal,2026-04-09,11:17:54,-07:00,2026-04-09T11:17:54-07:00,2,19
style.css,197,css,5e7ffe39,Jacob Kavanal,2026-04-09,11:17:54,-07:00,2026-04-09T11:17:54-07:00,0,0
style.css,198,css,5e7ffe39,Jacob Kavanal,2026-04-09,11:17:54,-07:00,2026-04-09T11:17:54-07:00,0,0
project2_report.html,1,html,98c07d8f,Jacob Kavanal,2026-05-02,14:05:28,-07:00,2026-05-02T14:05:28-07:00,0,13
project2_report.html,2,html,98c07d8f,Jacob Kavanal,2026-05-02,14:05:28,-07:00,2026-05-02T14:05:28-07:00,0,14
project2_report.html,3,html,98c07d8f,Jacob Kavanal,2026-05-02,14:05:28,-07:00,2026-05-02T14:05:28-07:00,2,4
project2_report.html,4,html,98c07d8f,Jacob Kavanal,2026-05-02,14:05:28,-07:00,2026-05-02T14:05:28-07:00,4,29
project2_report.html,5,html,98c07d8f,Jacob Kavanal,2026-05-02,14:05:28,-07:00,2026-05-02T14:05:28-07:00,4,5
project2_report.html,6,html,98c07d8f,Jacob Kavanal,2026-05-02,14:05:28,-07:00,2026-05-02T14:05:28-07:00,6,5
project2_report.html,7,html,98c07d8f,Jacob Kavanal,2026-05-02,14:05:28,-07:00,2026-05-02T14:05:28-07:00,8,35
project2_report.html,8,html,98c07d8f,Jacob Kavanal,2026-05-02,14:05:28,-07:00,2026-05-02T14:05:28-07:00,8,35
project2_report.html,9,html,98c07d8f,Jacob Kavanal,2026-05-02,14:05:28,-07:00,2026-05-02T14:05:28-07:00,8,35
project2_report.html,10,html,98c07d8f,Jacob Kavanal,2026-05-02,14:05:28,-07:00,2026-05-02T14:05:28-07:00,8,35
project2_report.html,11,html,98c07d8f,Jacob Kavanal,2026-05-02,14:05:28,-07:00,2026-05-02T14:05:28-07:00,8,35
project2_report.html,12,html,98c07d8f,Jacob Kavanal,2026-05-02,14:05:28,-07:00,2026-05-02T14:05:28-07:00,8,35
project2_report.html,13,html,98c07d8f,Jacob Kavanal,2026-05-02,14:05:28,-07:00,2026-05-02T14:05:28-07:00,8,35
project2_report.html,14,html,98c07d8f,Jacob Kavanal,2026-05-02,14:05:28,-07:00,2026-05-02T14:05:28-07:00,8,35
project2_report.html,15,html,98c07d8f,Jacob Kavanal,2026-05-02,14:05:28,-07:00,2026-05-02T14:05:28-07:00,8,35
project2_report.html,16,html,98c07d8f,Jacob Kavanal,2026-05-02,14:05:28,-07:00,2026-05-02T14:05:28-07:00,8,35
project2_report.html,17,html,98c07d8f,Jacob Kavanal,2026-05-02,14:05:28,-07:00,2026-05-02T14:05:28-07:00,6,0
project2_report.html,18,html,98c07d8f,Jacob Kavanal,2026-05-02,14:05:28,-07:00,2026-05-02T14:05:28-07:00,0,0
project2_report.html,19,html,98c07d8f,Jacob Kavanal,2026-05-02,14:05:28,-07:00,2026-05-02T14:05:28-07:00,6,4
project2_report.html,20,html,98c07d8f,Jacob Kavanal,2026-05-02,14:05:28,-07:00,2026-05-02T14:05:28-07:00,8,23
project2_report.html,21,html,98c07d8f,Jacob Kavanal,2026-05-02,14:05:28,-07:00,2026-05-02T14:05:28-07:00,8,20
project2_report.html,22,html,98c07d8f,Jacob Kavanal,2026-05-02,14:05:28,-07:00,2026-05-02T14:05:28-07:00,8,34
project2_report.html,23,html,98c07d8f,Jacob Kavanal,2026-05-02,14:05:28,-07:00,2026-05-02T14:05:28-07:00,8,25
project2_report.html,24,html,98c07d8f,Jacob Kavanal,2026-05-02,14:05:28,-07:00,2026-05-02T14:05:28-07:00,8,13
project2_report.html,25,html,98c07d8f,Jacob Kavanal,2026-05-02,14:05:28,-07:00,2026-05-02T14:05:28-07:00,6,0
project2_report.html,26,html,98c07d8f,Jacob Kavanal,2026-05-02,14:05:28,-07:00,2026-05-02T14:05:28-07:00,0,0
project2_report.html,27,html,98c07d8f,Jacob Kavanal,2026-05-02,14:05:28,-07:00,2026-05-02T14:05:28-07:00,6,12
project2_report.html,28,html,98c07d8f,Jacob Kavanal,2026-05-02,14:05:28,-07:00,2026-05-02T14:05:28-07:00,0,0
project2_report.html,29,html,98c07d8f,Jacob Kavanal,2026-05-02,14:05:28,-07:00,2026-05-02T14:05:28-07:00,6,1
project2_report.html,30,html,98c07d8f,Jacob Kavanal,2026-05-02,14:05:28,-07:00,2026-05-02T14:05:28-07:00,6,1
project2_report.html,31,html,98c07d8f,Jacob Kavanal,2026-05-02,14:05:28,-07:00,2026-05-02T14:05:28-07:00,6,1
project2_report.html,32,html,98c07d8f,Jacob Kavanal,2026-05-02,14:05:28,-07:00,2026-05-02T14:05:28-07:00,6,1
project2_report.html,33,html,98c07d8f,Jacob Kavanal,2026-05-02,14:05:28,-07:00,2026-05-02T14:05:28-07:00,6,1
project2_report.html,34,html,98c07d8f,Jacob Kavanal,2026-05-02,14:05:28,-07:00,2026-05-02T14:05:28-07:00,6,2
project2_report.html,35,html,98c07d8f,Jacob Kavanal,2026-05-02,14:05:28,-07:00,2026-05-02T14:05:28-07:00,8,15
project2_report.html,36,html,98c07d8f,Jacob Kavanal,2026-05-02,14:05:28,-07:00,2026-05-02T14:05:28-07:00,8,15
project2_report.html,37,html,98c07d8f,Jacob Kavanal,2026-05-02,14:05:28,-07:00,2026-05-02T14:05:28-07:00,8,17
project2_report.html,38,html,98c07d8f,Jacob Kavanal,2026-05-02,14:05:28,-07:00,2026-05-02T14:05:28-07:00,6,0
project2_report.html,39,html,98c07d8f,Jacob Kavanal,2026-05-02,14:05:28,-07:00,2026-05-02T14:05:28-07:00,0,0
project2_report.html,40,html,98c07d8f,Jacob Kavanal,2026-05-02,14:05:28,-07:00,2026-05-02T14:05:28-07:00,6,1
project2_report.html,41,html,98c07d8f,Jacob Kavanal,2026-05-02,14:05:28,-07:00,2026-05-02T14:05:28-07:00,6,2
project2_report.html,42,html,98c07d8f,Jacob Kavanal,2026-05-02,14:05:28,-07:00,2026-05-02T14:05:28-07:00,8,47
project2_report.html,43,html,98c07d8f,Jacob Kavanal,2026-05-02,14:05:28,-07:00,2026-05-02T14:05:28-07:00,8,20
project2_report.html,44,html,98c07d8f,Jacob Kavanal,2026-05-02,14:05:28,-07:00,2026-05-02T14:05:28-07:00,6,0
project2_report.html,45,html,98c07d8f,Jacob Kavanal,2026-05-02,14:05:28,-07:00,2026-05-02T14:05:28-07:00,0,0
project2_report.html,46,html,98c07d8f,Jacob Kavanal,2026-05-02,14:05:28,-07:00,2026-05-02T14:05:28-07:00,6,2
project2_report.html,47,html,98c07d8f,Jacob Kavanal,2026-05-02,14:05:28,-07:00,2026-05-02T14:05:28-07:00,8,23
project2_report.html,48,html,98c07d8f,Jacob Kavanal,2026-05-02,14:05:28,-07:00,2026-05-02T14:05:28-07:00,8,48
project2_report.html,49,html,98c07d8f,Jacob Kavanal,2026-05-02,14:05:28,-07:00,2026-05-02T14:05:28-07:00,8,15
project2_report.html,50,html,98c07d8f,Jacob Kavanal,2026-05-02,14:05:28,-07:00,2026-05-02T14:05:28-07:00,0,0
project2_report.html,51,html,98c07d8f,Jacob Kavanal,2026-05-02,14:05:28,-07:00,2026-05-02T14:05:28-07:00,8,5
project2_report.html,52,html,98c07d8f,Jacob Kavanal,2026-05-02,14:05:28,-07:00,2026-05-02T14:05:28-07:00,10,13
project2_report.html,53,html,98c07d8f,Jacob Kavanal,2026-05-02,14:05:28,-07:00,2026-05-02T14:05:28-07:00,10,17
project2_report.html,54,html,98c07d8f,Jacob Kavanal,2026-05-02,14:05:28,-07:00,2026-05-02T14:05:28-07:00,10,19
project2_report.html,55,html,98c07d8f,Jacob Kavanal,2026-05-02,14:05:28,-07:00,2026-05-02T14:05:28-07:00,10,18
project2_report.html,56,html,98c07d8f,Jacob Kavanal,2026-05-02,14:05:28,-07:00,2026-05-02T14:05:28-07:00,10,11
project2_report.html,57,html,98c07d8f,Jacob Kavanal,2026-05-02,14:05:28,-07:00,2026-05-02T14:05:28-07:00,10,34
project2_report.html,58,html,98c07d8f,Jacob Kavanal,2026-05-02,14:05:28,-07:00,2026-05-02T14:05:28-07:00,10,13
project2_report.html,59,html,98c07d8f,Jacob Kavanal,2026-05-02,14:05:28,-07:00,2026-05-02T14:05:28-07:00,10,24
project2_report.html,60,html,98c07d8f,Jacob Kavanal,2026-05-02,14:05:28,-07:00,2026-05-02T14:05:28-07:00,10,18
project2_report.html,61,html,98c07d8f,Jacob Kavanal,2026-05-02,14:05:28,-07:00,2026-05-02T14:05:28-07:00,8,0
project2_report.html,62,html,98c07d8f,Jacob Kavanal,2026-05-02,14:05:28,-07:00,2026-05-02T14:05:28-07:00,6,0
project2_report.html,63,html,98c07d8f,Jacob Kavanal,2026-05-02,14:05:28,-07:00,2026-05-02T14:05:28-07:00,0,0
project2_report.html,64,html,98c07d8f,Jacob Kavanal,2026-05-02,14:05:28,-07:00,2026-05-02T14:05:28-07:00,6,2
project2_report.html,65,html,98c07d8f,Jacob Kavanal,2026-05-02,14:05:28,-07:00,2026-05-02T14:05:28-07:00,8,14
project2_report.html,66,html,98c07d8f,Jacob Kavanal,2026-05-02,14:05:28,-07:00,2026-05-02T14:05:28-07:00,8,29
project2_report.html,67,html,98c07d8f,Jacob Kavanal,2026-05-02,14:05:28,-07:00,2026-05-02T14:05:28-07:00,6,0
project2_report.html,68,html,98c07d8f,Jacob Kavanal,2026-05-02,14:05:28,-07:00,2026-05-02T14:05:28-07:00,0,0
project2_report.html,69,html,98c07d8f,Jacob Kavanal,2026-05-02,14:05:28,-07:00,2026-05-02T14:05:28-07:00,6,2
project2_report.html,70,html,98c07d8f,Jacob Kavanal,2026-05-02,14:05:28,-07:00,2026-05-02T14:05:28-07:00,8,14
project2_report.html,71,html,98c07d8f,Jacob Kavanal,2026-05-02,14:05:28,-07:00,2026-05-02T14:05:28-07:00,6,0
project2_report.html,72,html,98c07d8f,Jacob Kavanal,2026-05-02,14:05:28,-07:00,2026-05-02T14:05:28-07:00,0,0
project2_report.html,73,html,98c07d8f,Jacob Kavanal,2026-05-02,14:05:28,-07:00,2026-05-02T14:05:28-07:00,6,9
project2_report.html,74,html,98c07d8f,Jacob Kavanal,2026-05-02,14:05:28,-07:00,2026-05-02T14:05:28-07:00,0,0
project2_report.html,75,html,98c07d8f,Jacob Kavanal,2026-05-02,14:05:28,-07:00,2026-05-02T14:05:28-07:00,6,1
project2_report.html,76,html,98c07d8f,Jacob Kavanal,2026-05-02,14:05:28,-07:00,2026-05-02T14:05:28-07:00,6,2
project2_report.html,77,html,98c07d8f,Jacob Kavanal,2026-05-02,14:05:28,-07:00,2026-05-02T14:05:28-07:00,8,24
project2_report.html,78,html,98c07d8f,Jacob Kavanal,2026-05-02,14:05:28,-07:00,2026-05-02T14:05:28-07:00,6,0
project2_report.html,79,html,98c07d8f,Jacob Kavanal,2026-05-02,14:05:28,-07:00,2026-05-02T14:05:28-07:00,0,0
project2_report.html,80,html,98c07d8f,Jacob Kavanal,2026-05-02,14:05:28,-07:00,2026-05-02T14:05:28-07:00,6,2
project2_report.html,81,html,98c07d8f,Jacob Kavanal,2026-05-02,14:05:28,-07:00,2026-05-02T14:05:28-07:00,8,9
project2_report.html,82,html,98c07d8f,Jacob Kavanal,2026-05-02,14:05:28,-07:00,2026-05-02T14:05:28-07:00,10,29
project2_report.html,83,html,98c07d8f,Jacob Kavanal,2026-05-02,14:05:28,-07:00,2026-05-02T14:05:28-07:00,8,0
project2_report.html,84,html,98c07d8f,Jacob Kavanal,2026-05-02,14:05:28,-07:00,2026-05-02T14:05:28-07:00,0,0
project2_report.html,85,html,98c07d8f,Jacob Kavanal,2026-05-02,14:05:28,-07:00,2026-05-02T14:05:28-07:00,8,4
project2_report.html,86,html,98c07d8f,Jacob Kavanal,2026-05-02,14:05:28,-07:00,2026-05-02T14:05:28-07:00,10,16
project2_report.html,87,html,98c07d8f,Jacob Kavanal,2026-05-02,14:05:28,-07:00,2026-05-02T14:05:28-07:00,8,0
project2_report.html,88,html,98c07d8f,Jacob Kavanal,2026-05-02,14:05:28,-07:00,2026-05-02T14:05:28-07:00,6,0
project2_report.html,89,html,98c07d8f,Jacob Kavanal,2026-05-02,14:05:28,-07:00,2026-05-02T14:05:28-07:00,0,0
project2_report.html,90,html,98c07d8f,Jacob Kavanal,2026-05-02,14:05:28,-07:00,2026-05-02T14:05:28-07:00,6,23
project2_report.html,91,html,98c07d8f,Jacob Kavanal,2026-05-02,14:05:28,-07:00,2026-05-02T14:05:28-07:00,0,0
project2_report.html,92,html,98c07d8f,Jacob Kavanal,2026-05-02,14:05:28,-07:00,2026-05-02T14:05:28-07:00,6,6
project2_report.html,93,html,98c07d8f,Jacob Kavanal,2026-05-02,14:05:28,-07:00,2026-05-02T14:05:28-07:00,8,17
project2_report.html,94,html,98c07d8f,Jacob Kavanal,2026-05-02,14:05:28,-07:00,2026-05-02T14:05:28-07:00,8,17
project2_report.html,95,html,98c07d8f,Jacob Kavanal,2026-05-02,14:05:28,-07:00,2026-05-02T14:05:28-07:00,6,0
project2_report.html,96,html,98c07d8f,Jacob Kavanal,2026-05-02,14:05:28,-07:00,2026-05-02T14:05:28-07:00,0,0
project2_report.html,97,html,98c07d8f,Jacob Kavanal,2026-05-02,14:05:28,-07:00,2026-05-02T14:05:28-07:00,6,4
project2_report.html,98,html,98c07d8f,Jacob Kavanal,2026-05-02,14:05:28,-07:00,2026-05-02T14:05:28-07:00,8,16
project2_report.html,99,html,98c07d8f,Jacob Kavanal,2026-05-02,14:05:28,-07:00,2026-05-02T14:05:28-07:00,8,29
project2_report.html,100,html,98c07d8f,Jacob Kavanal,2026-05-02,14:05:28,-07:00,2026-05-02T14:05:28-07:00,8,18
project2_report.html,101,html,98c07d8f,Jacob Kavanal,2026-05-02,14:05:28,-07:00,2026-05-02T14:05:28-07:00,8,19
project2_report.html,102,html,98c07d8f,Jacob Kavanal,2026-05-02,14:05:28,-07:00,2026-05-02T14:05:28-07:00,6,0
project2_report.html,103,html,98c07d8f,Jacob Kavanal,2026-05-02,14:05:28,-07:00,2026-05-02T14:05:28-07:00,0,0
project2_report.html,104,html,98c07d8f,Jacob Kavanal,2026-05-02,14:05:28,-07:00,2026-05-02T14:05:28-07:00,6,11
project2_report.html,105,html,98c07d8f,Jacob Kavanal,2026-05-02,14:05:28,-07:00,2026-05-02T14:05:28-07:00,0,0
project2_report.html,106,html,98c07d8f,Jacob Kavanal,2026-05-02,14:05:28,-07:00,2026-05-02T14:05:28-07:00,6,6
project2_report.html,107,html,98c07d8f,Jacob Kavanal,2026-05-02,14:05:28,-07:00,2026-05-02T14:05:28-07:00,8,12
project2_report.html,108,html,98c07d8f,Jacob Kavanal,2026-05-02,14:05:28,-07:00,2026-05-02T14:05:28-07:00,8,14
project2_report.html,109,html,98c07d8f,Jacob Kavanal,2026-05-02,14:05:28,-07:00,2026-05-02T14:05:28-07:00,8,20
project2_report.html,110,html,98c07d8f,Jacob Kavanal,2026-05-02,14:05:28,-07:00,2026-05-02T14:05:28-07:00,8,40
project2_report.html,111,html,98c07d8f,Jacob Kavanal,2026-05-02,14:05:28,-07:00,2026-05-02T14:05:28-07:00,8,48
project2_report.html,112,html,98c07d8f,Jacob Kavanal,2026-05-02,14:05:28,-07:00,2026-05-02T14:05:28-07:00,8,17
project2_report.html,113,html,98c07d8f,Jacob Kavanal,2026-05-02,14:05:28,-07:00,2026-05-02T14:05:28-07:00,8,16
project2_report.html,114,html,98c07d8f,Jacob Kavanal,2026-05-02,14:05:28,-07:00,2026-05-02T14:05:28-07:00,0,0
project2_report.html,115,html,98c07d8f,Jacob Kavanal,2026-05-02,14:05:28,-07:00,2026-05-02T14:05:28-07:00,8,12
project2_report.html,116,html,98c07d8f,Jacob Kavanal,2026-05-02,14:05:28,-07:00,2026-05-02T14:05:28-07:00,10,29
project2_report.html,117,html,98c07d8f,Jacob Kavanal,2026-05-02,14:05:28,-07:00,2026-05-02T14:05:28-07:00,10,34
project2_report.html,118,html,98c07d8f,Jacob Kavanal,2026-05-02,14:05:28,-07:00,2026-05-02T14:05:28-07:00,10,14
project2_report.html,119,html,98c07d8f,Jacob Kavanal,2026-05-02,14:05:28,-07:00,2026-05-02T14:05:28-07:00,10,14
project2_report.html,120,html,98c07d8f,Jacob Kavanal,2026-05-02,14:05:28,-07:00,2026-05-02T14:05:28-07:00,10,17
project2_report.html,121,html,98c07d8f,Jacob Kavanal,2026-05-02,14:05:28,-07:00,2026-05-02T14:05:28-07:00,10,24
project2_report.html,122,html,98c07d8f,Jacob Kavanal,2026-05-02,14:05:28,-07:00,2026-05-02T14:05:28-07:00,10,15
project2_report.html,123,html,98c07d8f,Jacob Kavanal,2026-05-02,14:05:28,-07:00,2026-05-02T14:05:28-07:00,0,0
project2_report.html,124,html,98c07d8f,Jacob Kavanal,2026-05-02,14:05:28,-07:00,2026-05-02T14:05:28-07:00,10,9
project2_report.html,125,html,98c07d8f,Jacob Kavanal,2026-05-02,14:05:28,-07:00,2026-05-02T14:05:28-07:00,12,38
project2_report.html,126,html,98c07d8f,Jacob Kavanal,2026-05-02,14:05:28,-07:00,2026-05-02T14:05:28-07:00,12,16
project2_report.html,127,html,98c07d8f,Jacob Kavanal,2026-05-02,14:05:28,-07:00,2026-05-02T14:05:28-07:00,12,29
project2_report.html,128,html,98c07d8f,Jacob Kavanal,2026-05-02,14:05:28,-07:00,2026-05-02T14:05:28-07:00,10,0
project2_report.html,129,html,98c07d8f,Jacob Kavanal,2026-05-02,14:05:28,-07:00,2026-05-02T14:05:28-07:00,0,0
project2_report.html,130,html,98c07d8f,Jacob Kavanal,2026-05-02,14:05:28,-07:00,2026-05-02T14:05:28-07:00,10,30
project2_report.html,131,html,98c07d8f,Jacob Kavanal,2026-05-02,14:05:28,-07:00,2026-05-02T14:05:28-07:00,12,13
project2_report.html,132,html,98c07d8f,Jacob Kavanal,2026-05-02,14:05:28,-07:00,2026-05-02T14:05:28-07:00,12,25
project2_report.html,133,html,98c07d8f,Jacob Kavanal,2026-05-02,14:05:28,-07:00,2026-05-02T14:05:28-07:00,12,31
project2_report.html,134,html,98c07d8f,Jacob Kavanal,2026-05-02,14:05:28,-07:00,2026-05-02T14:05:28-07:00,14,5
project2_report.html,135,html,98c07d8f,Jacob Kavanal,2026-05-02,14:05:28,-07:00,2026-05-02T14:05:28-07:00,14,11
project2_report.html,136,html,98c07d8f,Jacob Kavanal,2026-05-02,14:05:28,-07:00,2026-05-02T14:05:28-07:00,14,13
project2_report.html,137,html,98c07d8f,Jacob Kavanal,2026-05-02,14:05:28,-07:00,2026-05-02T14:05:28-07:00,12,0
project2_report.html,138,html,98c07d8f,Jacob Kavanal,2026-05-02,14:05:28,-07:00,2026-05-02T14:05:28-07:00,10,0
project2_report.html,139,html,98c07d8f,Jacob Kavanal,2026-05-02,14:05:28,-07:00,2026-05-02T14:05:28-07:00,8,0
project2_report.html,140,html,98c07d8f,Jacob Kavanal,2026-05-02,14:05:28,-07:00,2026-05-02T14:05:28-07:00,6,0
project2_report.html,141,html,98c07d8f,Jacob Kavanal,2026-05-02,14:05:28,-07:00,2026-05-02T14:05:28-07:00,4,6
project2_report.html,142,html,98c07d8f,Jacob Kavanal,2026-05-02,14:05:28,-07:00,2026-05-02T14:05:28-07:00,2,5
project2_report.html,143,html,98c07d8f,Jacob Kavanal,2026-05-02,14:05:28,-07:00,2026-05-02T14:05:28-07:00,0,0
project2_report.html,144,html,98c07d8f,Jacob Kavanal,2026-05-02,14:05:28,-07:00,2026-05-02T14:05:28-07:00,2,4
project2_report.html,145,html,98c07d8f,Jacob Kavanal,2026-05-02,14:05:28,-07:00,2026-05-02T14:05:28-07:00,4,6
project2_report.html,146,html,98c07d8f,Jacob Kavanal,2026-05-02,14:05:28,-07:00,2026-05-02T14:05:28-07:00,6,2
project2_report.html,147,html,98c07d8f,Jacob Kavanal,2026-05-02,14:05:28,-07:00,2026-05-02T14:05:28-07:00,8,22
project2_report.html,148,html,98c07d8f,Jacob Kavanal,2026-05-02,14:05:28,-07:00,2026-05-02T14:05:28-07:00,8,36
project2_report.html,149,html,98c07d8f,Jacob Kavanal,2026-05-02,14:05:28,-07:00,2026-05-02T14:05:28-07:00,6,3
project2_report.html,150,html,98c07d8f,Jacob Kavanal,2026-05-02,14:05:28,-07:00,2026-05-02T14:05:28-07:00,0,0
project2_report.html,151,html,98c07d8f,Jacob Kavanal,2026-05-02,14:05:28,-07:00,2026-05-02T14:05:28-07:00,6,66
project2_report.html,152,html,98c07d8f,Jacob Kavanal,2026-05-02,14:05:28,-07:00,2026-05-02T14:05:28-07:00,4,7
project2_report.html,153,html,98c07d8f,Jacob Kavanal,2026-05-02,14:05:28,-07:00,2026-05-02T14:05:28-07:00,0,0
project2_report.html,154,html,98c07d8f,Jacob Kavanal,2026-05-02,14:05:28,-07:00,2026-05-02T14:05:28-07:00,4,4
project2_report.html,155,html,98c07d8f,Jacob Kavanal,2026-05-02,14:05:28,-07:00,2026-05-02T14:05:28-07:00,6,39
project2_report.html,156,html,98c07d8f,Jacob Kavanal,2026-05-02,14:05:28,-07:00,2026-05-02T14:05:28-07:00,0,0
project2_report.html,157,html,98c07d8f,Jacob Kavanal,2026-05-02,14:05:28,-07:00,2026-05-02T14:05:28-07:00,6,7
project2_report.html,158,html,98c07d8f,Jacob Kavanal,2026-05-02,14:05:28,-07:00,2026-05-02T14:05:28-07:00,8,26
project2_report.html,159,html,98c07d8f,Jacob Kavanal,2026-05-02,14:05:28,-07:00,2026-05-02T14:05:28-07:00,0,0
project2_report.html,160,html,98c07d8f,Jacob Kavanal,2026-05-02,14:05:28,-07:00,2026-05-02T14:05:28-07:00,8,6
project2_report.html,161,html,98c07d8f,Jacob Kavanal,2026-05-02,14:05:28,-07:00,2026-05-02T14:05:28-07:00,10,33
project2_report.html,162,html,98c07d8f,Jacob Kavanal,2026-05-02,14:05:28,-07:00,2026-05-02T14:05:28-07:00,10,42
project2_report.html,163,html,98c07d8f,Jacob Kavanal,2026-05-02,14:05:28,-07:00,2026-05-02T14:05:28-07:00,8,7
project2_report.html,164,html,98c07d8f,Jacob Kavanal,2026-05-02,14:05:28,-07:00,2026-05-02T14:05:28-07:00,0,0
project2_report.html,165,html,98c07d8f,Jacob Kavanal,2026-05-02,14:05:28,-07:00,2026-05-02T14:05:28-07:00,8,36
project2_report.html,166,html,98c07d8f,Jacob Kavanal,2026-05-02,14:05:28,-07:00,2026-05-02T14:05:28-07:00,0,0
project2_report.html,167,html,98c07d8f,Jacob Kavanal,2026-05-02,14:05:28,-07:00,2026-05-02T14:05:28-07:00,8,2
project2_report.html,168,html,98c07d8f,Jacob Kavanal,2026-05-02,14:05:28,-07:00,2026-05-02T14:05:28-07:00,10,18
project2_report.html,169,html,98c07d8f,Jacob Kavanal,2026-05-02,14:05:28,-07:00,2026-05-02T14:05:28-07:00,10,18
project2_report.html,170,html,98c07d8f,Jacob Kavanal,2026-05-02,14:05:28,-07:00,2026-05-02T14:05:28-07:00,10,18
project2_report.html,171,html,98c07d8f,Jacob Kavanal,2026-05-02,14:05:28,-07:00,2026-05-02T14:05:28-07:00,8,3
project2_report.html,172,html,98c07d8f,Jacob Kavanal,2026-05-02,14:05:28,-07:00,2026-05-02T14:05:28-07:00,6,8
project2_report.html,173,html,98c07d8f,Jacob Kavanal,2026-05-02,14:05:28,-07:00,2026-05-02T14:05:28-07:00,0,0
project2_report.html,174,html,98c07d8f,Jacob Kavanal,2026-05-02,14:05:28,-07:00,2026-05-02T14:05:28-07:00,6,7
project2_report.html,175,html,98c07d8f,Jacob Kavanal,2026-05-02,14:05:28,-07:00,2026-05-02T14:05:28-07:00,8,30
project2_report.html,176,html,98c07d8f,Jacob Kavanal,2026-05-02,14:05:28,-07:00,2026-05-02T14:05:28-07:00,0,0
project2_report.html,177,html,98c07d8f,Jacob Kavanal,2026-05-02,14:05:28,-07:00,2026-05-02T14:05:28-07:00,8,6
project2_report.html,178,html,98c07d8f,Jacob Kavanal,2026-05-02,14:05:28,-07:00,2026-05-02T14:05:28-07:00,10,33
project2_report.html,179,html,98c07d8f,Jacob Kavanal,2026-05-02,14:05:28,-07:00,2026-05-02T14:05:28-07:00,10,42
project2_report.html,180,html,98c07d8f,Jacob Kavanal,2026-05-02,14:05:28,-07:00,2026-05-02T14:05:28-07:00,8,7
project2_report.html,181,html,98c07d8f,Jacob Kavanal,2026-05-02,14:05:28,-07:00,2026-05-02T14:05:28-07:00,0,0
project2_report.html,182,html,98c07d8f,Jacob Kavanal,2026-05-02,14:05:28,-07:00,2026-05-02T14:05:28-07:00,8,36
project2_report.html,183,html,98c07d8f,Jacob Kavanal,2026-05-02,14:05:28,-07:00,2026-05-02T14:05:28-07:00,0,0
project2_report.html,184,html,98c07d8f,Jacob Kavanal,2026-05-02,14:05:28,-07:00,2026-05-02T14:05:28-07:00,8,2
project2_report.html,185,html,98c07d8f,Jacob Kavanal,2026-05-02,14:05:28,-07:00,2026-05-02T14:05:28-07:00,10,18
project2_report.html,186,html,98c07d8f,Jacob Kavanal,2026-05-02,14:05:28,-07:00,2026-05-02T14:05:28-07:00,10,18
project2_report.html,187,html,98c07d8f,Jacob Kavanal,2026-05-02,14:05:28,-07:00,2026-05-02T14:05:28-07:00,10,18
project2_report.html,188,html,98c07d8f,Jacob Kavanal,2026-05-02,14:05:28,-07:00,2026-05-02T14:05:28-07:00,8,3
project2_report.html,189,html,98c07d8f,Jacob Kavanal,2026-05-02,14:05:28,-07:00,2026-05-02T14:05:28-07:00,6,8
project2_report.html,190,html,98c07d8f,Jacob Kavanal,2026-05-02,14:05:28,-07:00,2026-05-02T14:05:28-07:00,0,0
project2_report.html,191,html,98c07d8f,Jacob Kavanal,2026-05-02,14:05:28,-07:00,2026-05-02T14:05:28-07:00,6,7
project2_report.html,192,html,98c07d8f,Jacob Kavanal,2026-05-02,14:05:28,-07:00,2026-05-02T14:05:28-07:00,8,23
project2_report.html,193,html,98c07d8f,Jacob Kavanal,2026-05-02,14:05:28,-07:00,2026-05-02T14:05:28-07:00,0,0
project2_report.html,194,html,98c07d8f,Jacob Kavanal,2026-05-02,14:05:28,-07:00,2026-05-02T14:05:28-07:00,8,46
project2_report.html,195,html,98c07d8f,Jacob Kavanal,2026-05-02,14:05:28,-07:00,2026-05-02T14:05:28-07:00,6,8
project2_report.html,196,html,98c07d8f,Jacob Kavanal,2026-05-02,14:05:28,-07:00,2026-05-02T14:05:28-07:00,4,5
project2_report.html,197,html,98c07d8f,Jacob Kavanal,2026-05-02,14:05:28,-07:00,2026-05-02T14:05:28-07:00,2,501
project2_report.html,198,html,98c07d8f,Jacob Kavanal,2026-05-02,14:05:28,-07:00,2026-05-02T14:05:28-07:00,0,5
project2_report.html,199,html,98c07d8f,Jacob Kavanal,2026-05-02,14:05:28,-07:00,2026-05-02T14:05:28-07:00,0,5
index.js,1,js,34ae013c,Jacob Kavanal,2026-04-24,12:02:31,-07:00,2026-04-24T12:02:31-07:00,0,71
index.js,2,js,34ae013c,Jacob Kavanal,2026-04-24,12:02:31,-07:00,2026-04-24T12:02:31-07:00,0,0
index.js,3,js,34ae013c,Jacob Kavanal,2026-04-24,12:02:31,-07:00,2026-04-24T12:02:31-07:00,0,54
index.js,4,js,98c07d8f,Jacob Kavanal,2026-05-02,14:05:28,-07:00,2026-05-02T14:05:28-07:00,0,73
index.js,5,js,34ae013c,Jacob Kavanal,2026-04-24,12:02:31,-07:00,2026-04-24T12:02:31-07:00,0,60
index.js,6,js,34ae013c,Jacob Kavanal,2026-04-24,12:02:31,-07:00,2026-04-24T12:02:31-07:00,0,0
index.js,7,js,34ae013c,Jacob Kavanal,2026-04-24,12:02:31,-07:00,2026-04-24T12:02:31-07:00,0,54
index.js,8,js,34ae013c,Jacob Kavanal,2026-04-24,12:02:31,-07:00,2026-04-24T12:02:31-07:00,0,0
index.js,9,js,34ae013c,Jacob Kavanal,2026-04-24,12:02:31,-07:00,2026-04-24T12:02:31-07:00,0,60
index.js,10,js,34ae013c,Jacob Kavanal,2026-04-24,12:02:31,-07:00,2026-04-24T12:02:31-07:00,0,0
index.js,11,js,34ae013c,Jacob Kavanal,2026-04-24,12:02:31,-07:00,2026-04-24T12:02:31-07:00,0,17
index.js,12,js,34ae013c,Jacob Kavanal,2026-04-24,12:02:31,-07:00,2026-04-24T12:02:31-07:00,2,24
index.js,13,js,98c07d8f,Jacob Kavanal,2026-05-02,14:05:28,-07:00,2026-05-02T14:05:28-07:00,4,19
index.js,14,js,98c07d8f,Jacob Kavanal,2026-05-02,14:05:28,-07:00,2026-05-02T14:05:28-07:00,4,28
index.js,15,js,98c07d8f,Jacob Kavanal,2026-05-02,14:05:28,-07:00,2026-05-02T14:05:28-07:00,2,0
index.js,16,js,98c07d8f,Jacob Kavanal,2026-05-02,14:05:28,-07:00,2026-05-02T14:05:28-07:00,0,0
index.js,17,js,98c07d8f,Jacob Kavanal,2026-05-02,14:05:28,-07:00,2026-05-02T14:05:28-07:00,0,0
index.js,18,js,98c07d8f,Jacob Kavanal,2026-05-02,14:05:28,-07:00,2026-05-02T14:05:28-07:00,0,55
index.js,19,js,98c07d8f,Jacob Kavanal,2026-05-02,14:05:28,-07:00,2026-05-02T14:05:28-07:00,0,0
index.js,20,js,98c07d8f,Jacob Kavanal,2026-05-02,14:05:28,-07:00,2026-05-02T14:05:28-07:00,0,17
index.js,21,js,98c07d8f,Jacob Kavanal,2026-05-02,14:05:28,-07:00,2026-05-02T14:05:28-07:00,2,37
index.js,22,js,98c07d8f,Jacob Kavanal,2026-05-02,14:05:28,-07:00,2026-05-02T14:05:28-07:00,4,19
index.js,23,js,34ae013c,Jacob Kavanal,2026-04-24,12:02:31,-07:00,2026-04-24T12:02:31-07:00,4,2
index.js,24,js,34ae013c,Jacob Kavanal,2026-04-24,12:02:31,-07:00,2026-04-24T12:02:31-07:00,6,55
index.js,25,js,34ae013c,Jacob Kavanal,2026-04-24,12:02:31,-07:00,2026-04-24T12:02:31-07:00,6,55
index.js,26,js,34ae013c,Jacob Kavanal,2026-04-24,12:02:31,-07:00,2026-04-24T12:02:31-07:00,6,49
index.js,27,js,34ae013c,Jacob Kavanal,2026-04-24,12:02:31,-07:00,2026-04-24T12:02:31-07:00,6,49
index.js,28,js,34ae013c,Jacob Kavanal,2026-04-24,12:02:31,-07:00,2026-04-24T12:02:31-07:00,4,3
index.js,29,js,98c07d8f,Jacob Kavanal,2026-05-02,14:05:28,-07:00,2026-05-02T14:05:28-07:00,2,3
index.js,30,js,98c07d8f,Jacob Kavanal,2026-05-02,14:05:28,-07:00,2026-05-02T14:05:28-07:00,4,19
index.js,31,js,98c07d8f,Jacob Kavanal,2026-05-02,14:05:28,-07:00,2026-05-02T14:05:28-07:00,4,38
index.js,32,js,34ae013c,Jacob Kavanal,2026-04-24,12:02:31,-07:00,2026-04-24T12:02:31-07:00,2,0
index.js,33,js,34ae013c,Jacob Kavanal,2026-04-24,12:02:31,-07:00,2026-04-24T12:02:31-07:00,0,0
index.html,1,html,6acf6e2,Jacob,2026-04-04,22:39:37,-07:00,2026-04-04T22:39:37-07:00,0,13
index.html,2,html,6acf6e2,Jacob,2026-04-04,22:39:37,-07:00,2026-04-04T22:39:37-07:00,0,14
index.html,3,html,6acf6e2,Jacob,2026-04-04,22:39:37,-07:00,2026-04-04T22:39:37-07:00,0,4
index.html,4,html,6acf6e2,Jacob,2026-04-04,22:39:37,-07:00,2026-04-04T22:39:37-07:00,2,20
index.html,5,html,6acf6e2,Jacob,2026-04-04,22:39:37,-07:00,2026-04-04T22:39:37-07:00,2,68
index.html,6,html,6acf6e2,Jacob,2026-04-04,22:39:37,-07:00,2026-04-04T22:39:37-07:00,2,26
index.html,7,html,6acf6e2,Jacob,2026-04-04,22:39:37,-07:00,2026-04-04T22:39:37-07:00,2,38
index.html,8,html,f9ebd7a7,Jacob Kavanal,2026-04-15,16:50:35,-07:00,2026-04-15T16:50:35-07:00,2,45
index.html,9,html,34ae013c,Jacob Kavanal,2026-04-24,12:02:31,-07:00,2026-04-24T12:02:31-07:00,2,50
index.html,10,html,6acf6e2,Jacob,2026-04-04,22:39:37,-07:00,2026-04-04T22:39:37-07:00,0,5
index.html,11,html,6acf6e2,Jacob,2026-04-04,22:39:37,-07:00,2026-04-04T22:39:37-07:00,0,4
index.html,12,html,6acf6e2,Jacob,2026-04-04,22:39:37,-07:00,2026-04-04T22:39:37-07:00,2,20
index.html,13,html,6acf6e2,Jacob,2026-04-04,22:39:37,-07:00,2026-04-04T22:39:37-07:00,2,69
index.html,14,html,6acf6e2,Jacob,2026-04-04,22:39:37,-07:00,2026-04-04T22:39:37-07:00,2,66
index.html,15,html,34ae013c,Jacob Kavanal,2026-04-24,12:02:31,-07:00,2026-04-24T12:02:31-07:00,2,22
index.html,16,html,34ae013c,Jacob Kavanal,2026-04-24,12:02:31,-07:00,2026-04-24T12:02:31-07:00,2,26
index.html,17,html,98c07d8f,Jacob Kavanal,2026-05-02,14:05:28,-07:00,2026-05-02T14:05:28-07:00,2,22
index.html,18,html,98c07d8f,Jacob Kavanal,2026-05-02,14:05:28,-07:00,2026-05-02T14:05:28-07:00,4,19
index.html,19,html,98c07d8f,Jacob Kavanal,2026-05-02,14:05:28,-07:00,2026-05-02T14:05:28-07:00,2,4
index.html,20,html,6acf6e2,Jacob,2026-04-04,22:39:37,-07:00,2026-04-04T22:39:37-07:00,0,5
index.html,21,html,6acf6e2,Jacob,2026-04-04,22:39:37,-07:00,2026-04-04T22:39:37-07:00,0,5
global.js,1,js,f9ebd7a7,Jacob Kavanal,2026-04-15,16:50:35,-07:00,2026-04-15T16:50:35-07:00,0,25
global.js,2,js,f9ebd7a7,Jacob Kavanal,2026-04-15,16:50:35,-07:00,2026-04-15T16:50:35-07:00,0,0
global.js,3,js,f9ebd7a7,Jacob Kavanal,2026-04-15,16:50:35,-07:00,2026-04-15T16:50:35-07:00,0,41
global.js,4,js,f9ebd7a7,Jacob Kavanal,2026-04-15,16:50:35,-07:00,2026-04-15T16:50:35-07:00,2,52
global.js,5,js,f9ebd7a7,Jacob Kavanal,2026-04-15,16:50:35,-07:00,2026-04-15T16:50:35-07:00,0,0
global.js,6,js,f9ebd7a7,Jacob Kavanal,2026-04-15,16:50:35,-07:00,2026-04-15T16:50:35-07:00,0,0
global.js,7,js,34ae013c,Jacob Kavanal,2026-04-24,12:02:31,-07:00,2026-04-24T12:02:31-07:00,0,36
global.js,8,js,34ae013c,Jacob Kavanal,2026-04-24,12:02:31,-07:00,2026-04-24T12:02:31-07:00,2,3
global.js,9,js,34ae013c,Jacob Kavanal,2026-04-24,12:02:31,-07:00,2026-04-24T12:02:31-07:00,4,32
global.js,10,js,34ae013c,Jacob Kavanal,2026-04-24,12:02:31,-07:00,2026-04-24T12:02:31-07:00,0,0
global.js,11,js,34ae013c,Jacob Kavanal,2026-04-24,12:02:31,-07:00,2026-04-24T12:02:31-07:00,4,17
global.js,12,js,34ae013c,Jacob Kavanal,2026-04-24,12:02:31,-07:00,2026-04-24T12:02:31-07:00,6,66
global.js,13,js,34ae013c,Jacob Kavanal,2026-04-24,12:02:31,-07:00,2026-04-24T12:02:31-07:00,4,0
global.js,14,js,34ae013c,Jacob Kavanal,2026-04-24,12:02:31,-07:00,2026-04-24T12:02:31-07:00,0,0
global.js,15,js,34ae013c,Jacob Kavanal,2026-04-24,12:02:31,-07:00,2026-04-24T12:02:31-07:00,4,33
global.js,16,js,34ae013c,Jacob Kavanal,2026-04-24,12:02:31,-07:00,2026-04-24T12:02:31-07:00,4,10
global.js,17,js,34ae013c,Jacob Kavanal,2026-04-24,12:02:31,-07:00,2026-04-24T12:02:31-07:00,2,15
global.js,18,js,34ae013c,Jacob Kavanal,2026-04-24,12:02:31,-07:00,2026-04-24T12:02:31-07:00,4,59
global.js,19,js,34ae013c,Jacob Kavanal,2026-04-24,12:02:31,-07:00,2026-04-24T12:02:31-07:00,2,0
global.js,20,js,34ae013c,Jacob Kavanal,2026-04-24,12:02:31,-07:00,2026-04-24T12:02:31-07:00,0,0
global.js,21,js,34ae013c,Jacob Kavanal,2026-04-24,12:02:31,-07:00,2026-04-24T12:02:31-07:00,0,0
global.js,22,js,98c07d8f,Jacob Kavanal,2026-05-02,14:05:28,-07:00,2026-05-02T14:05:28-07:00,0,84
global.js,23,js,98c07d8f,Jacob Kavanal,2026-05-02,14:05:28,-07:00,2026-05-02T14:05:28-07:00,2,22
global.js,24,js,98c07d8f,Jacob Kavanal,2026-05-02,14:05:28,-07:00,2026-05-02T14:05:28-07:00,4,5
global.js,25,js,98c07d8f,Jacob Kavanal,2026-05-02,14:05:28,-07:00,2026-05-02T14:05:28-07:00,2,0
global.js,26,js,98c07d8f,Jacob Kavanal,2026-05-02,14:05:28,-07:00,2026-05-02T14:05:28-07:00,0,0
global.js,27,js,34ae013c,Jacob Kavanal,2026-04-24,12:02:31,-07:00,2026-04-24T12:02:31-07:00,2,30
global.js,28,js,34ae013c,Jacob Kavanal,2026-04-24,12:02:31,-07:00,2026-04-24T12:02:31-07:00,0,0
global.js,29,js,34ae013c,Jacob Kavanal,2026-04-24,12:02:31,-07:00,2026-04-24T12:02:31-07:00,2,31
global.js,30,js,34ae013c,Jacob Kavanal,2026-04-24,12:02:31,-07:00,2026-04-24T12:02:31-07:00,4,48
global.js,31,js,34ae013c,Jacob Kavanal,2026-04-24,12:02:31,-07:00,2026-04-24T12:02:31-07:00,0,0
global.js,32,js,34ae013c,Jacob Kavanal,2026-04-24,12:02:31,-07:00,2026-04-24T12:02:31-07:00,4,19
global.js,33,js,34ae013c,Jacob Kavanal,2026-04-24,12:02:31,-07:00,2026-04-24T12:02:31-07:00,6,49
global.js,34,js,98c07d8f,Jacob Kavanal,2026-05-02,14:05:28,-07:00,2026-05-02T14:05:28-07:00,6,41
global.js,35,js,34ae013c,Jacob Kavanal,2026-04-24,12:02:31,-07:00,2026-04-24T12:02:31-07:00,6,49
global.js,36,js,34ae013c,Jacob Kavanal,2026-04-24,12:02:31,-07:00,2026-04-24T12:02:31-07:00,6,27
global.js,37,js,34ae013c,Jacob Kavanal,2026-04-24,12:02:31,-07:00,2026-04-24T12:02:31-07:00,4,0
global.js,38,js,34ae013c,Jacob Kavanal,2026-04-24,12:02:31,-07:00,2026-04-24T12:02:31-07:00,0,0
global.js,39,js,34ae013c,Jacob Kavanal,2026-04-24,12:02:31,-07:00,2026-04-24T12:02:31-07:00,4,36
global.js,40,js,34ae013c,Jacob Kavanal,2026-04-24,12:02:31,-07:00,2026-04-24T12:02:31-07:00,2,0
global.js,41,js,34ae013c,Jacob Kavanal,2026-04-24,12:02:31,-07:00,2026-04-24T12:02:31-07:00,0,0
global.js,42,js,34ae013c,Jacob Kavanal,2026-04-24,12:02:31,-07:00,2026-04-24T12:02:31-07:00,0,0
global.js,43,js,34ae013c,Jacob Kavanal,2026-04-24,12:02:31,-07:00,2026-04-24T12:02:31-07:00,0,47
global.js,44,js,34ae013c,Jacob Kavanal,2026-04-24,12:02:31,-07:00,2026-04-24T12:02:31-07:00,2,59
global.js,45,js,34ae013c,Jacob Kavanal,2026-04-24,12:02:31,-07:00,2026-04-24T12:02:31-07:00,0,0
global.js,46,js,34ae013c,Jacob Kavanal,2026-04-24,12:02:31,-07:00,2026-04-24T12:02:31-07:00,0,0
global.js,47,js,f9ebd7a7,Jacob Kavanal,2026-04-15,16:50:35,-07:00,2026-04-15T16:50:35-07:00,0,27
global.js,48,js,98c07d8f,Jacob Kavanal,2026-05-02,14:05:28,-07:00,2026-05-02T14:05:28-07:00,0,89
global.js,49,js,98c07d8f,Jacob Kavanal,2026-05-02,14:05:28,-07:00,2026-05-02T14:05:28-07:00,0,71
global.js,50,js,0109c604,Jacob Kavanal,2026-05-02,14:36:48,-07:00,2026-05-02T14:36:48-07:00,0,71
global.js,51,js,0109c604,Jacob Kavanal,2026-05-02,14:36:48,-07:00,2026-05-02T14:36:48-07:00,2,23
global.js,52,js,0109c604,Jacob Kavanal,2026-05-02,14:36:48,-07:00,2026-05-02T14:36:48-07:00,2,4
global.js,53,js,f9ebd7a7,Jacob Kavanal,2026-04-15,16:50:35,-07:00,2026-04-15T16:50:35-07:00,0,13
global.js,54,js,f9ebd7a7,Jacob Kavanal,2026-04-15,16:50:35,-07:00,2026-04-15T16:50:35-07:00,2,35
global.js,55,js,f9ebd7a7,Jacob Kavanal,2026-04-15,16:50:35,-07:00,2026-04-15T16:50:35-07:00,2,39
global.js,56,js,f9ebd7a7,Jacob Kavanal,2026-04-15,16:50:35,-07:00,2026-04-15T16:50:35-07:00,2,37
global.js,57,js,f9ebd7a7,Jacob Kavanal,2026-04-15,16:50:35,-07:00,2026-04-15T16:50:35-07:00,2,38
global.js,58,js,00000000,Not Committed Yet,2026-05-08,18:29:36,-07:00,2026-05-08T18:29:36-07:00,2,35
global.js,59,js,f9ebd7a7,Jacob Kavanal,2026-04-15,16:50:35,-07:00,2026-04-15T16:50:35-07:00,2,58
global.js,60,js,f9ebd7a7,Jacob Kavanal,2026-04-15,16:50:35,-07:00,2026-04-15T16:50:35-07:00,0,0
global.js,61,js,f9ebd7a7,Jacob Kavanal,2026-04-15,16:50:35,-07:00,2026-04-15T16:50:35-07:00,0,0
global.js,62,js,f9ebd7a7,Jacob Kavanal,2026-04-15,16:50:35,-07:00,2026-04-15T16:50:35-07:00,0,40
global.js,63,js,f9ebd7a7,Jacob Kavanal,2026-04-15,16:50:35,-07:00,2026-04-15T16:50:35-07:00,0,25
global.js,64,js,f9ebd7a7,Jacob Kavanal,2026-04-15,16:50:35,-07:00,2026-04-15T16:50:35-07:00,0,0
global.js,65,js,f9ebd7a7,Jacob Kavanal,2026-04-15,16:50:35,-07:00,2026-04-15T16:50:35-07:00,0,22
global.js,66,js,f9ebd7a7,Jacob Kavanal,2026-04-15,16:50:35,-07:00,2026-04-15T16:50:35-07:00,2,36
global.js,67,js,f9ebd7a7,Jacob Kavanal,2026-04-15,16:50:35,-07:00,2026-04-15T16:50:35-07:00,2,42
global.js,68,js,f9ebd7a7,Jacob Kavanal,2026-04-15,16:50:35,-07:00,2026-04-15T16:50:35-07:00,2,46
global.js,69,js,f9ebd7a7,Jacob Kavanal,2026-04-15,16:50:35,-07:00,2026-04-15T16:50:35-07:00,2,22
global.js,70,js,f9ebd7a7,Jacob Kavanal,2026-04-15,16:50:35,-07:00,2026-04-15T16:50:35-07:00,0,0
global.js,71,js,f9ebd7a7,Jacob Kavanal,2026-04-15,16:50:35,-07:00,2026-04-15T16:50:35-07:00,2,31
global.js,72,js,f9ebd7a7,Jacob Kavanal,2026-04-15,16:50:35,-07:00,2026-04-15T16:50:35-07:00,2,52
global.js,73,js,f9ebd7a7,Jacob Kavanal,2026-04-15,16:50:35,-07:00,2026-04-15T16:50:35-07:00,4,25
global.js,74,js,f9ebd7a7,Jacob Kavanal,2026-04-15,16:50:35,-07:00,2026-04-15T16:50:35-07:00,2,0
global.js,75,js,f9ebd7a7,Jacob Kavanal,2026-04-15,16:50:35,-07:00,2026-04-15T16:50:35-07:00,0,0
global.js,76,js,f9ebd7a7,Jacob Kavanal,2026-04-15,16:50:35,-07:00,2026-04-15T16:50:35-07:00,2,15
global.js,77,js,f9ebd7a7,Jacob Kavanal,2026-04-15,16:50:35,-07:00,2026-04-15T16:50:35-07:00,4,18
global.js,78,js,f9ebd7a7,Jacob Kavanal,2026-04-15,16:50:35,-07:00,2026-04-15T16:50:35-07:00,4,28
global.js,79,js,f9ebd7a7,Jacob Kavanal,2026-04-15,16:50:35,-07:00,2026-04-15T16:50:35-07:00,2,0
global.js,80,js,f9ebd7a7,Jacob Kavanal,2026-04-15,16:50:35,-07:00,2026-04-15T16:50:35-07:00,0,0
global.js,81,js,f9ebd7a7,Jacob Kavanal,2026-04-15,16:50:35,-07:00,2026-04-15T16:50:35-07:00,2,12
global.js,82,js,f9ebd7a7,Jacob Kavanal,2026-04-15,16:50:35,-07:00,2026-04-15T16:50:35-07:00,0,0
global.js,83,js,f9ebd7a7,Jacob Kavanal,2026-04-15,16:50:35,-07:00,2026-04-15T16:50:35-07:00,0,0
global.js,84,js,f9ebd7a7,Jacob Kavanal,2026-04-15,16:50:35,-07:00,2026-04-15T16:50:35-07:00,0,27
global.js,85,js,f9ebd7a7,Jacob Kavanal,2026-04-15,16:50:35,-07:00,2026-04-15T16:50:35-07:00,0,31
global.js,86,js,f9ebd7a7,Jacob Kavanal,2026-04-15,16:50:35,-07:00,2026-04-15T16:50:35-07:00,2,10
global.js,87,js,f9ebd7a7,Jacob Kavanal,2026-04-15,16:50:35,-07:00,2026-04-15T16:50:35-07:00,2,27
global.js,88,js,f9ebd7a7,Jacob Kavanal,2026-04-15,16:50:35,-07:00,2026-04-15T16:50:35-07:00,4,4
global.js,89,js,f9ebd7a7,Jacob Kavanal,2026-04-15,16:50:35,-07:00,2026-04-15T16:50:35-07:00,4,6
global.js,90,js,f9ebd7a7,Jacob Kavanal,2026-04-15,16:50:35,-07:00,2026-04-15T16:50:35-07:00,6,43
global.js,91,js,f9ebd7a7,Jacob Kavanal,2026-04-15,16:50:35,-07:00,2026-04-15T16:50:35-07:00,6,34
global.js,92,js,f9ebd7a7,Jacob Kavanal,2026-04-15,16:50:35,-07:00,2026-04-15T16:50:35-07:00,6,32
global.js,93,js,f9ebd7a7,Jacob Kavanal,2026-04-15,16:50:35,-07:00,2026-04-15T16:50:35-07:00,4,7
global.js,94,js,f9ebd7a7,Jacob Kavanal,2026-04-15,16:50:35,-07:00,2026-04-15T16:50:35-07:00,2,7
global.js,95,js,f9ebd7a7,Jacob Kavanal,2026-04-15,16:50:35,-07:00,2026-04-15T16:50:35-07:00,0,0
global.js,96,js,f9ebd7a7,Jacob Kavanal,2026-04-15,16:50:35,-07:00,2026-04-15T16:50:35-07:00,0,0
global.js,97,js,f9ebd7a7,Jacob Kavanal,2026-04-15,16:50:35,-07:00,2026-04-15T16:50:35-07:00,0,60
global.js,98,js,f9ebd7a7,Jacob Kavanal,2026-04-15,16:50:35,-07:00,2026-04-15T16:50:35-07:00,0,0
global.js,99,js,f9ebd7a7,Jacob Kavanal,2026-04-15,16:50:35,-07:00,2026-04-15T16:50:35-07:00,0,33
global.js,100,js,f9ebd7a7,Jacob Kavanal,2026-04-15,16:50:35,-07:00,2026-04-15T16:50:35-07:00,2,65
global.js,101,js,f9ebd7a7,Jacob Kavanal,2026-04-15,16:50:35,-07:00,2026-04-15T16:50:35-07:00,2,20
global.js,102,js,f9ebd7a7,Jacob Kavanal,2026-04-15,16:50:35,-07:00,2026-04-15T16:50:35-07:00,0,0
global.js,103,js,f9ebd7a7,Jacob Kavanal,2026-04-15,16:50:35,-07:00,2026-04-15T16:50:35-07:00,0,0
global.js,104,js,f9ebd7a7,Jacob Kavanal,2026-04-15,16:50:35,-07:00,2026-04-15T16:50:35-07:00,0,29
global.js,105,js,f9ebd7a7,Jacob Kavanal,2026-04-15,16:50:35,-07:00,2026-04-15T16:50:35-07:00,2,41
global.js,106,js,f9ebd7a7,Jacob Kavanal,2026-04-15,16:50:35,-07:00,2026-04-15T16:50:35-07:00,0,0
global.js,107,js,f9ebd7a7,Jacob Kavanal,2026-04-15,16:50:35,-07:00,2026-04-15T16:50:35-07:00,0,0
global.js,108,js,f9ebd7a7,Jacob Kavanal,2026-04-15,16:50:35,-07:00,2026-04-15T16:50:35-07:00,0,39
global.js,109,js,f9ebd7a7,Jacob Kavanal,2026-04-15,16:50:35,-07:00,2026-04-15T16:50:35-07:00,2,31
global.js,110,js,f9ebd7a7,Jacob Kavanal,2026-04-15,16:50:35,-07:00,2026-04-15T16:50:35-07:00,2,40
global.js,111,js,f9ebd7a7,Jacob Kavanal,2026-04-15,16:50:35,-07:00,2026-04-15T16:50:35-07:00,0,1
global.js,112,js,f9ebd7a7,Jacob Kavanal,2026-04-15,16:50:35,-07:00,2026-04-15T16:50:35-07:00,0,0
global.js,113,js,f9ebd7a7,Jacob Kavanal,2026-04-15,16:50:35,-07:00,2026-04-15T16:50:35-07:00,0,30
global.js,114,js,f9ebd7a7,Jacob Kavanal,2026-04-15,16:50:35,-07:00,2026-04-15T16:50:35-07:00,0,42
global.js,115,js,f9ebd7a7,Jacob Kavanal,2026-04-15,16:50:35,-07:00,2026-04-15T16:50:35-07:00,0,9
global.js,116,js,f9ebd7a7,Jacob Kavanal,2026-04-15,16:50:35,-07:00,2026-04-15T16:50:35-07:00,2,38
global.js,117,js,f9ebd7a7,Jacob Kavanal,2026-04-15,16:50:35,-07:00,2026-04-15T16:50:35-07:00,4,17
global.js,118,js,f9ebd7a7,Jacob Kavanal,2026-04-15,16:50:35,-07:00,2026-04-15T16:50:35-07:00,4,30
global.js,119,js,f9ebd7a7,Jacob Kavanal,2026-04-15,16:50:35,-07:00,2026-04-15T16:50:35-07:00,4,16
global.js,120,js,f9ebd7a7,Jacob Kavanal,2026-04-15,16:50:35,-07:00,2026-04-15T16:50:35-07:00,4,33
global.js,121,js,f9ebd7a7,Jacob Kavanal,2026-04-15,16:50:35,-07:00,2026-04-15T16:50:35-07:00,6,70
global.js,122,js,f9ebd7a7,Jacob Kavanal,2026-04-15,16:50:35,-07:00,2026-04-15T16:50:35-07:00,4,0
global.js,123,js,f9ebd7a7,Jacob Kavanal,2026-04-15,16:50:35,-07:00,2026-04-15T16:50:35-07:00,4,66
global.js,124,js,f9ebd7a7,Jacob Kavanal,2026-04-15,16:50:35,-07:00,2026-04-15T16:50:35-07:00,2,1
global.js,125,js,f9ebd7a7,Jacob Kavanal,2026-04-15,16:50:35,-07:00,2026-04-15T16:50:35-07:00,0,0
resume/index.html,1,html,6acf6e2,Jacob,2026-04-04,22:39:37,-07:00,2026-04-04T22:39:37-07:00,0,13
resume/index.html,2,html,6acf6e2,Jacob,2026-04-04,22:39:37,-07:00,2026-04-04T22:39:37-07:00,0,14
resume/index.html,3,html,6acf6e2,Jacob,2026-04-04,22:39:37,-07:00,2026-04-04T22:39:37-07:00,0,4
resume/index.html,4,html,6acf6e2,Jacob,2026-04-04,22:39:37,-07:00,2026-04-04T22:39:37-07:00,2,20
resume/index.html,5,html,6acf6e2,Jacob,2026-04-04,22:39:37,-07:00,2026-04-04T22:39:37-07:00,2,68
resume/index.html,6,html,6acf6e2,Jacob,2026-04-04,22:39:37,-07:00,2026-04-04T22:39:37-07:00,2,35
resume/index.html,7,html,6acf6e2,Jacob,2026-04-04,22:39:37,-07:00,2026-04-04T22:39:37-07:00,2,41
resume/index.html,8,html,f9ebd7a7,Jacob Kavanal,2026-04-15,16:50:35,-07:00,2026-04-15T16:50:35-07:00,2,48
resume/index.html,9,html,6acf6e2,Jacob,2026-04-04,22:39:37,-07:00,2026-04-04T22:39:37-07:00,0,5
resume/index.html,10,html,5e7ffe39,Jacob Kavanal,2026-04-09,11:17:54,-07:00,2026-04-09T11:17:54-07:00,0,24
resume/index.html,11,html,6acf6e2,Jacob,2026-04-04,22:39:37,-07:00,2026-04-04T22:39:37-07:00,0,0
resume/index.html,12,html,6acf6e2,Jacob,2026-04-04,22:39:37,-07:00,2026-04-04T22:39:37-07:00,2,13
resume/index.html,13,html,6acf6e2,Jacob,2026-04-04,22:39:37,-07:00,2026-04-04T22:39:37-07:00,0,0
resume/index.html,14,html,6acf6e2,Jacob,2026-04-04,22:39:37,-07:00,2026-04-04T22:39:37-07:00,2,54
resume/index.html,15,html,6acf6e2,Jacob,2026-04-04,22:39:37,-07:00,2026-04-04T22:39:37-07:00,4,6
resume/index.html,16,html,6acf6e2,Jacob,2026-04-04,22:39:37,-07:00,2026-04-04T22:39:37-07:00,6,35
resume/index.html,17,html,6acf6e2,Jacob,2026-04-04,22:39:37,-07:00,2026-04-04T22:39:37-07:00,4,7
resume/index.html,18,html,6acf6e2,Jacob,2026-04-04,22:39:37,-07:00,2026-04-04T22:39:37-07:00,4,1
resume/index.html,19,html,6acf6e2,Jacob,2026-04-04,22:39:37,-07:00,2026-04-04T22:39:37-07:00,6,116
resume/index.html,20,html,6acf6e2,Jacob,2026-04-04,22:39:37,-07:00,2026-04-04T22:39:37-07:00,4,2
resume/index.html,21,html,6acf6e2,Jacob,2026-04-04,22:39:37,-07:00,2026-04-04T22:39:37-07:00,4,1
resume/index.html,22,html,6acf6e2,Jacob,2026-04-04,22:39:37,-07:00,2026-04-04T22:39:37-07:00,6,48
resume/index.html,23,html,6acf6e2,Jacob,2026-04-04,22:39:37,-07:00,2026-04-04T22:39:37-07:00,6,94
resume/index.html,24,html,6acf6e2,Jacob,2026-04-04,22:39:37,-07:00,2026-04-04T22:39:37-07:00,6,40
resume/index.html,25,html,6acf6e2,Jacob,2026-04-04,22:39:37,-07:00,2026-04-04T22:39:37-07:00,4,2
resume/index.html,26,html,6acf6e2,Jacob,2026-04-04,22:39:37,-07:00,2026-04-04T22:39:37-07:00,2,8
resume/index.html,27,html,6acf6e2,Jacob,2026-04-04,22:39:37,-07:00,2026-04-04T22:39:37-07:00,0,0
resume/index.html,28,html,6acf6e2,Jacob,2026-04-04,22:39:37,-07:00,2026-04-04T22:39:37-07:00,2,58
resume/index.html,29,html,6acf6e2,Jacob,2026-04-04,22:39:37,-07:00,2026-04-04T22:39:37-07:00,4,39
resume/index.html,30,html,6acf6e2,Jacob,2026-04-04,22:39:37,-07:00,2026-04-04T22:39:37-07:00,0,0
resume/index.html,31,html,6acf6e2,Jacob,2026-04-04,22:39:37,-07:00,2026-04-04T22:39:37-07:00,4,7
resume/index.html,32,html,6acf6e2,Jacob,2026-04-04,22:39:37,-07:00,2026-04-04T22:39:37-07:00,6,6
resume/index.html,33,html,6acf6e2,Jacob,2026-04-04,22:39:37,-07:00,2026-04-04T22:39:37-07:00,8,42
resume/index.html,34,html,6acf6e2,Jacob,2026-04-04,22:39:37,-07:00,2026-04-04T22:39:37-07:00,8,1
resume/index.html,35,html,6acf6e2,Jacob,2026-04-04,22:39:37,-07:00,2026-04-04T22:39:37-07:00,10,107
resume/index.html,36,html,6acf6e2,Jacob,2026-04-04,22:39:37,-07:00,2026-04-04T22:39:37-07:00,8,2
resume/index.html,37,html,6acf6e2,Jacob,2026-04-04,22:39:37,-07:00,2026-04-04T22:39:37-07:00,6,7
resume/index.html,38,html,6acf6e2,Jacob,2026-04-04,22:39:37,-07:00,2026-04-04T22:39:37-07:00,6,25
resume/index.html,39,html,6acf6e2,Jacob,2026-04-04,22:39:37,-07:00,2026-04-04T22:39:37-07:00,6,95
resume/index.html,40,html,6acf6e2,Jacob,2026-04-04,22:39:37,-07:00,2026-04-04T22:39:37-07:00,4,8
resume/index.html,41,html,6acf6e2,Jacob,2026-04-04,22:39:37,-07:00,2026-04-04T22:39:37-07:00,2,8
resume/index.html,42,html,6acf6e2,Jacob,2026-04-04,22:39:37,-07:00,2026-04-04T22:39:37-07:00,0,0
resume/index.html,43,html,6acf6e2,Jacob,2026-04-04,22:39:37,-07:00,2026-04-04T22:39:37-07:00,2,60
resume/index.html,44,html,6acf6e2,Jacob,2026-04-04,22:39:37,-07:00,2026-04-04T22:39:37-07:00,4,41
resume/index.html,45,html,6acf6e2,Jacob,2026-04-04,22:39:37,-07:00,2026-04-04T22:39:37-07:00,0,0
resume/index.html,46,html,6acf6e2,Jacob,2026-04-04,22:39:37,-07:00,2026-04-04T22:39:37-07:00,4,7
resume/index.html,47,html,6acf6e2,Jacob,2026-04-04,22:39:37,-07:00,2026-04-04T22:39:37-07:00,6,6
resume/index.html,48,html,6acf6e2,Jacob,2026-04-04,22:39:37,-07:00,2026-04-04T22:39:37-07:00,8,50
resume/index.html,49,html,6acf6e2,Jacob,2026-04-04,22:39:37,-07:00,2026-04-04T22:39:37-07:00,8,95
resume/index.html,50,html,6acf6e2,Jacob,2026-04-04,22:39:37,-07:00,2026-04-04T22:39:37-07:00,6,7
resume/index.html,51,html,6acf6e2,Jacob,2026-04-04,22:39:37,-07:00,2026-04-04T22:39:37-07:00,6,2
resume/index.html,52,html,6acf6e2,Jacob,2026-04-04,22:39:37,-07:00,2026-04-04T22:39:37-07:00,8,112
resume/index.html,53,html,6acf6e2,Jacob,2026-04-04,22:39:37,-07:00,2026-04-04T22:39:37-07:00,8,71
resume/index.html,54,html,6acf6e2,Jacob,2026-04-04,22:39:37,-07:00,2026-04-04T22:39:37-07:00,6,3
resume/index.html,55,html,6acf6e2,Jacob,2026-04-04,22:39:37,-07:00,2026-04-04T22:39:37-07:00,4,8
resume/index.html,56,html,6acf6e2,Jacob,2026-04-04,22:39:37,-07:00,2026-04-04T22:39:37-07:00,0,0
resume/index.html,57,html,6acf6e2,Jacob,2026-04-04,22:39:37,-07:00,2026-04-04T22:39:37-07:00,4,7
resume/index.html,58,html,6acf6e2,Jacob,2026-04-04,22:39:37,-07:00,2026-04-04T22:39:37-07:00,6,6
resume/index.html,59,html,6acf6e2,Jacob,2026-04-04,22:39:37,-07:00,2026-04-04T22:39:37-07:00,8,58
resume/index.html,60,html,6acf6e2,Jacob,2026-04-04,22:39:37,-07:00,2026-04-04T22:39:37-07:00,8,93
resume/index.html,61,html,6acf6e2,Jacob,2026-04-04,22:39:37,-07:00,2026-04-04T22:39:37-07:00,6,7
resume/index.html,62,html,6acf6e2,Jacob,2026-04-04,22:39:37,-07:00,2026-04-04T22:39:37-07:00,6,2
resume/index.html,63,html,6acf6e2,Jacob,2026-04-04,22:39:37,-07:00,2026-04-04T22:39:37-07:00,8,78
resume/index.html,64,html,6acf6e2,Jacob,2026-04-04,22:39:37,-07:00,2026-04-04T22:39:37-07:00,8,60
resume/index.html,65,html,6acf6e2,Jacob,2026-04-04,22:39:37,-07:00,2026-04-04T22:39:37-07:00,6,3
resume/index.html,66,html,6acf6e2,Jacob,2026-04-04,22:39:37,-07:00,2026-04-04T22:39:37-07:00,4,8
resume/index.html,67,html,6acf6e2,Jacob,2026-04-04,22:39:37,-07:00,2026-04-04T22:39:37-07:00,2,8
resume/index.html,68,html,6acf6e2,Jacob,2026-04-04,22:39:37,-07:00,2026-04-04T22:39:37-07:00,0,0
resume/index.html,69,html,6acf6e2,Jacob,2026-04-04,22:39:37,-07:00,2026-04-04T22:39:37-07:00,2,56
resume/index.html,70,html,6acf6e2,Jacob,2026-04-04,22:39:37,-07:00,2026-04-04T22:39:37-07:00,4,46
resume/index.html,71,html,6acf6e2,Jacob,2026-04-04,22:39:37,-07:00,2026-04-04T22:39:37-07:00,0,0
resume/index.html,72,html,6acf6e2,Jacob,2026-04-04,22:39:37,-07:00,2026-04-04T22:39:37-07:00,4,7
resume/index.html,73,html,6acf6e2,Jacob,2026-04-04,22:39:37,-07:00,2026-04-04T22:39:37-07:00,6,6
resume/index.html,74,html,6acf6e2,Jacob,2026-04-04,22:39:37,-07:00,2026-04-04T22:39:37-07:00,8,24
resume/index.html,75,html,6acf6e2,Jacob,2026-04-04,22:39:37,-07:00,2026-04-04T22:39:37-07:00,6,7
resume/index.html,76,html,6acf6e2,Jacob,2026-04-04,22:39:37,-07:00,2026-04-04T22:39:37-07:00,6,64
resume/index.html,77,html,6acf6e2,Jacob,2026-04-04,22:39:37,-07:00,2026-04-04T22:39:37-07:00,6,1
resume/index.html,78,html,6acf6e2,Jacob,2026-04-04,22:39:37,-07:00,2026-04-04T22:39:37-07:00,8,112
resume/index.html,79,html,6acf6e2,Jacob,2026-04-04,22:39:37,-07:00,2026-04-04T22:39:37-07:00,6,2
resume/index.html,80,html,6acf6e2,Jacob,2026-04-04,22:39:37,-07:00,2026-04-04T22:39:37-07:00,4,8
resume/index.html,81,html,6acf6e2,Jacob,2026-04-04,22:39:37,-07:00,2026-04-04T22:39:37-07:00,2,8
resume/index.html,82,html,6acf6e2,Jacob,2026-04-04,22:39:37,-07:00,2026-04-04T22:39:37-07:00,0,0
resume/index.html,83,html,6acf6e2,Jacob,2026-04-04,22:39:37,-07:00,2026-04-04T22:39:37-07:00,2,52
resume/index.html,84,html,6acf6e2,Jacob,2026-04-04,22:39:37,-07:00,2026-04-04T22:39:37-07:00,4,33
resume/index.html,85,html,6acf6e2,Jacob,2026-04-04,22:39:37,-07:00,2026-04-04T22:39:37-07:00,4,2
resume/index.html,86,html,6acf6e2,Jacob,2026-04-04,22:39:37,-07:00,2026-04-04T22:39:37-07:00,6,51
resume/index.html,87,html,6acf6e2,Jacob,2026-04-04,22:39:37,-07:00,2026-04-04T22:39:37-07:00,6,49
resume/index.html,88,html,6acf6e2,Jacob,2026-04-04,22:39:37,-07:00,2026-04-04T22:39:37-07:00,4,3
resume/index.html,89,html,6acf6e2,Jacob,2026-04-04,22:39:37,-07:00,2026-04-04T22:39:37-07:00,2,8
resume/index.html,90,html,6acf6e2,Jacob,2026-04-04,22:39:37,-07:00,2026-04-04T22:39:37-07:00,0,5
resume/index.html,91,html,6acf6e2,Jacob,2026-04-04,22:39:37,-07:00,2026-04-04T22:39:37-07:00,0,5
projects/projects.js,1,js,34ae013c,Jacob Kavanal,2026-04-24,12:02:31,-07:00,2026-04-24T12:02:31-07:00,0,55
projects/projects.js,2,js,98c07d8f,Jacob Kavanal,2026-05-02,14:05:28,-07:00,2026-05-02T14:05:28-07:00,0,63
projects/projects.js,3,js,34ae013c,Jacob Kavanal,2026-04-24,12:02:31,-07:00,2026-04-24T12:02:31-07:00,0,0
projects/projects.js,4,js,34ae013c,Jacob Kavanal,2026-04-24,12:02:31,-07:00,2026-04-24T12:02:31-07:00,0,55
projects/projects.js,5,js,34ae013c,Jacob Kavanal,2026-04-24,12:02:31,-07:00,2026-04-24T12:02:31-07:00,0,60
projects/projects.js,6,js,34ae013c,Jacob Kavanal,2026-04-24,12:02:31,-07:00,2026-04-24T12:02:31-07:00,0,62
projects/projects.js,7,js,98c07d8f,Jacob Kavanal,2026-05-02,14:05:28,-07:00,2026-05-02T14:05:28-07:00,0,55
projects/projects.js,8,js,98c07d8f,Jacob Kavanal,2026-05-02,14:05:28,-07:00,2026-05-02T14:05:28-07:00,0,13
projects/projects.js,9,js,98c07d8f,Jacob Kavanal,2026-05-02,14:05:28,-07:00,2026-05-02T14:05:28-07:00,0,21
projects/projects.js,10,js,34ae013c,Jacob Kavanal,2026-04-24,12:02:31,-07:00,2026-04-24T12:02:31-07:00,0,0
projects/projects.js,11,js,34ae013c,Jacob Kavanal,2026-04-24,12:02:31,-07:00,2026-04-24T12:02:31-07:00,0,48
projects/projects.js,12,js,34ae013c,Jacob Kavanal,2026-04-24,12:02:31,-07:00,2026-04-24T12:02:31-07:00,0,0
projects/projects.js,13,js,34ae013c,Jacob Kavanal,2026-04-24,12:02:31,-07:00,2026-04-24T12:02:31-07:00,0,58
projects/projects.js,14,js,98c07d8f,Jacob Kavanal,2026-05-02,14:05:28,-07:00,2026-05-02T14:05:28-07:00,0,0
projects/projects.js,15,js,98c07d8f,Jacob Kavanal,2026-05-02,14:05:28,-07:00,2026-05-02T14:05:28-07:00,0,38
projects/projects.js,16,js,98c07d8f,Jacob Kavanal,2026-05-02,14:05:28,-07:00,2026-05-02T14:05:28-07:00,2,28
projects/projects.js,17,js,98c07d8f,Jacob Kavanal,2026-05-02,14:05:28,-07:00,2026-05-02T14:05:28-07:00,4,12
projects/projects.js,18,js,98c07d8f,Jacob Kavanal,2026-05-02,14:05:28,-07:00,2026-05-02T14:05:28-07:00,4,14
projects/projects.js,19,js,98c07d8f,Jacob Kavanal,2026-05-02,14:05:28,-07:00,2026-05-02T14:05:28-07:00,4,12
projects/projects.js,20,js,98c07d8f,Jacob Kavanal,2026-05-02,14:05:28,-07:00,2026-05-02T14:05:28-07:00,2,0
projects/projects.js,21,js,98c07d8f,Jacob Kavanal,2026-05-02,14:05:28,-07:00,2026-05-02T14:05:28-07:00,2,46
projects/projects.js,22,js,98c07d8f,Jacob Kavanal,2026-05-02,14:05:28,-07:00,2026-05-02T14:05:28-07:00,4,35
projects/projects.js,23,js,98c07d8f,Jacob Kavanal,2026-05-02,14:05:28,-07:00,2026-05-02T14:05:28-07:00,2,1
projects/projects.js,24,js,98c07d8f,Jacob Kavanal,2026-05-02,14:05:28,-07:00,2026-05-02T14:05:28-07:00,2,52
projects/projects.js,25,js,98c07d8f,Jacob Kavanal,2026-05-02,14:05:28,-07:00,2026-05-02T14:05:28-07:00,2,35
projects/projects.js,26,js,98c07d8f,Jacob Kavanal,2026-05-02,14:05:28,-07:00,2026-05-02T14:05:28-07:00,2,59
projects/projects.js,27,js,98c07d8f,Jacob Kavanal,2026-05-02,14:05:28,-07:00,2026-05-02T14:05:28-07:00,2,47
projects/projects.js,28,js,98c07d8f,Jacob Kavanal,2026-05-02,14:05:28,-07:00,2026-05-02T14:05:28-07:00,2,49
projects/projects.js,29,js,98c07d8f,Jacob Kavanal,2026-05-02,14:05:28,-07:00,2026-05-02T14:05:28-07:00,2,27
projects/projects.js,30,js,98c07d8f,Jacob Kavanal,2026-05-02,14:05:28,-07:00,2026-05-02T14:05:28-07:00,2,34
projects/projects.js,31,js,98c07d8f,Jacob Kavanal,2026-05-02,14:05:28,-07:00,2026-05-02T14:05:28-07:00,0,0
projects/projects.js,32,js,98c07d8f,Jacob Kavanal,2026-05-02,14:05:28,-07:00,2026-05-02T14:05:28-07:00,2,29
projects/projects.js,33,js,98c07d8f,Jacob Kavanal,2026-05-02,14:05:28,-07:00,2026-05-02T14:05:28-07:00,2,30
projects/projects.js,34,js,98c07d8f,Jacob Kavanal,2026-05-02,14:05:28,-07:00,2026-05-02T14:05:28-07:00,0,0
projects/projects.js,35,js,98c07d8f,Jacob Kavanal,2026-05-02,14:05:28,-07:00,2026-05-02T14:05:28-07:00,2,24
projects/projects.js,36,js,98c07d8f,Jacob Kavanal,2026-05-02,14:05:28,-07:00,2026-05-02T14:05:28-07:00,4,1
projects/projects.js,37,js,98c07d8f,Jacob Kavanal,2026-05-02,14:05:28,-07:00,2026-05-02T14:05:28-07:00,6,13
projects/projects.js,38,js,98c07d8f,Jacob Kavanal,2026-05-02,14:05:28,-07:00,2026-05-02T14:05:28-07:00,6,13
projects/projects.js,39,js,98c07d8f,Jacob Kavanal,2026-05-02,14:05:28,-07:00,2026-05-02T14:05:28-07:00,6,22
projects/projects.js,40,js,98c07d8f,Jacob Kavanal,2026-05-02,14:05:28,-07:00,2026-05-02T14:05:28-07:00,6,51
projects/projects.js,41,js,98c07d8f,Jacob Kavanal,2026-05-02,14:05:28,-07:00,2026-05-02T14:05:28-07:00,6,18
projects/projects.js,42,js,98c07d8f,Jacob Kavanal,2026-05-02,14:05:28,-07:00,2026-05-02T14:05:28-07:00,8,43
projects/projects.js,43,js,98c07d8f,Jacob Kavanal,2026-05-02,14:05:28,-07:00,2026-05-02T14:05:28-07:00,0,0
projects/projects.js,44,js,98c07d8f,Jacob Kavanal,2026-05-02,14:05:28,-07:00,2026-05-02T14:05:28-07:00,8,1
projects/projects.js,45,js,98c07d8f,Jacob Kavanal,2026-05-02,14:05:28,-07:00,2026-05-02T14:05:28-07:00,10,16
projects/projects.js,46,js,98c07d8f,Jacob Kavanal,2026-05-02,14:05:28,-07:00,2026-05-02T14:05:28-07:00,10,66
projects/projects.js,47,js,98c07d8f,Jacob Kavanal,2026-05-02,14:05:28,-07:00,2026-05-02T14:05:28-07:00,0,0
projects/projects.js,48,js,98c07d8f,Jacob Kavanal,2026-05-02,14:05:28,-07:00,2026-05-02T14:05:28-07:00,8,4
projects/projects.js,49,js,98c07d8f,Jacob Kavanal,2026-05-02,14:05:28,-07:00,2026-05-02T14:05:28-07:00,10,14
projects/projects.js,50,js,98c07d8f,Jacob Kavanal,2026-05-02,14:05:28,-07:00,2026-05-02T14:05:28-07:00,10,89
projects/projects.js,51,js,98c07d8f,Jacob Kavanal,2026-05-02,14:05:28,-07:00,2026-05-02T14:05:28-07:00,0,0
projects/projects.js,52,js,98c07d8f,Jacob Kavanal,2026-05-02,14:05:28,-07:00,2026-05-02T14:05:28-07:00,8,25
projects/projects.js,53,js,98c07d8f,Jacob Kavanal,2026-05-02,14:05:28,-07:00,2026-05-02T14:05:28-07:00,10,48
projects/projects.js,54,js,98c07d8f,Jacob Kavanal,2026-05-02,14:05:28,-07:00,2026-05-02T14:05:28-07:00,8,6
projects/projects.js,55,js,98c07d8f,Jacob Kavanal,2026-05-02,14:05:28,-07:00,2026-05-02T14:05:28-07:00,10,45
projects/projects.js,56,js,98c07d8f,Jacob Kavanal,2026-05-02,14:05:28,-07:00,2026-05-02T14:05:28-07:00,10,83
projects/projects.js,57,js,98c07d8f,Jacob Kavanal,2026-05-02,14:05:28,-07:00,2026-05-02T14:05:28-07:00,10,56
projects/projects.js,58,js,98c07d8f,Jacob Kavanal,2026-05-02,14:05:28,-07:00,2026-05-02T14:05:28-07:00,8,0
projects/projects.js,59,js,98c07d8f,Jacob Kavanal,2026-05-02,14:05:28,-07:00,2026-05-02T14:05:28-07:00,6,1
projects/projects.js,60,js,98c07d8f,Jacob Kavanal,2026-05-02,14:05:28,-07:00,2026-05-02T14:05:28-07:00,2,1
projects/projects.js,61,js,98c07d8f,Jacob Kavanal,2026-05-02,14:05:28,-07:00,2026-05-02T14:05:28-07:00,0,0
projects/projects.js,62,js,98c07d8f,Jacob Kavanal,2026-05-02,14:05:28,-07:00,2026-05-02T14:05:28-07:00,2,24
projects/projects.js,63,js,98c07d8f,Jacob Kavanal,2026-05-02,14:05:28,-07:00,2026-05-02T14:05:28-07:00,4,4
projects/projects.js,64,js,98c07d8f,Jacob Kavanal,2026-05-02,14:05:28,-07:00,2026-05-02T14:05:28-07:00,6,11
projects/projects.js,65,js,98c07d8f,Jacob Kavanal,2026-05-02,14:05:28,-07:00,2026-05-02T14:05:28-07:00,6,38
projects/projects.js,66,js,98c07d8f,Jacob Kavanal,2026-05-02,14:05:28,-07:00,2026-05-02T14:05:28-07:00,6,76
projects/projects.js,67,js,98c07d8f,Jacob Kavanal,2026-05-02,14:05:28,-07:00,2026-05-02T14:05:28-07:00,6,69
projects/projects.js,68,js,98c07d8f,Jacob Kavanal,2026-05-02,14:05:28,-07:00,2026-05-02T14:05:28-07:00,2,1
projects/projects.js,69,js,98c07d8f,Jacob Kavanal,2026-05-02,14:05:28,-07:00,2026-05-02T14:05:28-07:00,0,0
projects/projects.js,70,js,98c07d8f,Jacob Kavanal,2026-05-02,14:05:28,-07:00,2026-05-02T14:05:28-07:00,0,0
projects/projects.js,71,js,98c07d8f,Jacob Kavanal,2026-05-02,14:05:28,-07:00,2026-05-02T14:05:28-07:00,0,23
projects/projects.js,72,js,98c07d8f,Jacob Kavanal,2026-05-02,14:05:28,-07:00,2026-05-02T14:05:28-07:00,0,0
projects/projects.js,73,js,98c07d8f,Jacob Kavanal,2026-05-02,14:05:28,-07:00,2026-05-02T14:05:28-07:00,0,49
projects/projects.js,74,js,98c07d8f,Jacob Kavanal,2026-05-02,14:05:28,-07:00,2026-05-02T14:05:28-07:00,2,25
projects/projects.js,75,js,98c07d8f,Jacob Kavanal,2026-05-02,14:05:28,-07:00,2026-05-02T14:05:28-07:00,2,53
projects/projects.js,76,js,98c07d8f,Jacob Kavanal,2026-05-02,14:05:28,-07:00,2026-05-02T14:05:28-07:00,4,61
projects/projects.js,77,js,98c07d8f,Jacob Kavanal,2026-05-02,14:05:28,-07:00,2026-05-02T14:05:28-07:00,4,42
projects/projects.js,78,js,98c07d8f,Jacob Kavanal,2026-05-02,14:05:28,-07:00,2026-05-02T14:05:28-07:00,2,1
projects/projects.js,79,js,98c07d8f,Jacob Kavanal,2026-05-02,14:05:28,-07:00,2026-05-02T14:05:28-07:00,0,0
projects/projects.js,80,js,98c07d8f,Jacob Kavanal,2026-05-02,14:05:28,-07:00,2026-05-02T14:05:28-07:00,2,56
projects/projects.js,81,js,98c07d8f,Jacob Kavanal,2026-05-02,14:05:28,-07:00,2026-05-02T14:05:28-07:00,2,31
projects/projects.js,82,js,98c07d8f,Jacob Kavanal,2026-05-02,14:05:28,-07:00,2026-05-02T14:05:28-07:00,0,1
projects/index.html,1,html,5e7ffe39,Jacob Kavanal,2026-04-09,11:17:54,-07:00,2026-04-09T11:17:54-07:00,0,13
projects/index.html,2,html,5e7ffe39,Jacob Kavanal,2026-04-09,11:17:54,-07:00,2026-04-09T11:17:54-07:00,0,14
projects/index.html,3,html,5e7ffe39,Jacob Kavanal,2026-04-09,11:17:54,-07:00,2026-04-09T11:17:54-07:00,0,4
projects/index.html,4,html,5e7ffe39,Jacob Kavanal,2026-04-09,11:17:54,-07:00,2026-04-09T11:17:54-07:00,2,20
projects/index.html,5,html,5e7ffe39,Jacob Kavanal,2026-04-09,11:17:54,-07:00,2026-04-09T11:17:54-07:00,2,68
projects/index.html,6,html,5e7ffe39,Jacob Kavanal,2026-04-09,11:17:54,-07:00,2026-04-09T11:17:54-07:00,2,21
projects/index.html,7,html,5e7ffe39,Jacob Kavanal,2026-04-09,11:17:54,-07:00,2026-04-09T11:17:54-07:00,2,41
projects/index.html,8,html,f9ebd7a7,Jacob Kavanal,2026-04-15,16:50:35,-07:00,2026-04-15T16:50:35-07:00,2,48
projects/index.html,9,html,34ae013c,Jacob Kavanal,2026-04-24,12:02:31,-07:00,2026-04-24T12:02:31-07:00,2,47
projects/index.html,10,html,5e7ffe39,Jacob Kavanal,2026-04-09,11:17:54,-07:00,2026-04-09T11:17:54-07:00,0,5
projects/index.html,11,html,5e7ffe39,Jacob Kavanal,2026-04-09,11:17:54,-07:00,2026-04-09T11:17:54-07:00,0,4
projects/index.html,12,html,98c07d8f,Jacob Kavanal,2026-05-02,14:05:28,-07:00,2026-05-02T14:05:28-07:00,2,21
projects/index.html,13,html,98c07d8f,Jacob Kavanal,2026-05-02,14:05:28,-07:00,2026-05-02T14:05:28-07:00,4,58
projects/index.html,14,html,98c07d8f,Jacob Kavanal,2026-05-02,14:05:28,-07:00,2026-05-02T14:05:28-07:00,4,22
projects/index.html,15,html,98c07d8f,Jacob Kavanal,2026-05-02,14:05:28,-07:00,2026-05-02T14:05:28-07:00,2,4
projects/index.html,16,html,98c07d8f,Jacob Kavanal,2026-05-02,14:05:28,-07:00,2026-05-02T14:05:28-07:00,2,4
projects/index.html,17,html,98c07d8f,Jacob Kavanal,2026-05-02,14:05:28,-07:00,2026-05-02T14:05:28-07:00,4,15
projects/index.html,18,html,98c07d8f,Jacob Kavanal,2026-05-02,14:05:28,-07:00,2026-05-02T14:05:28-07:00,4,11
projects/index.html,19,html,98c07d8f,Jacob Kavanal,2026-05-02,14:05:28,-07:00,2026-05-02T14:05:28-07:00,4,26
projects/index.html,20,html,98c07d8f,Jacob Kavanal,2026-05-02,14:05:28,-07:00,2026-05-02T14:05:28-07:00,4,31
projects/index.html,21,html,98c07d8f,Jacob Kavanal,2026-05-02,14:05:28,-07:00,2026-05-02T14:05:28-07:00,2,0
projects/index.html,22,html,34ae013c,Jacob Kavanal,2026-04-24,12:02:31,-07:00,2026-04-24T12:02:31-07:00,2,38
projects/index.html,23,html,5e7ffe39,Jacob Kavanal,2026-04-09,11:17:54,-07:00,2026-04-09T11:17:54-07:00,0,0
projects/index.html,24,html,5e7ffe39,Jacob Kavanal,2026-04-09,11:17:54,-07:00,2026-04-09T11:17:54-07:00,2,20
projects/index.html,25,html,5e7ffe39,Jacob Kavanal,2026-04-09,11:17:54,-07:00,2026-04-09T11:17:54-07:00,2,4
projects/index.html,26,html,5e7ffe39,Jacob Kavanal,2026-04-09,11:17:54,-07:00,2026-04-09T11:17:54-07:00,0,5
projects/index.html,27,html,5e7ffe39,Jacob Kavanal,2026-04-09,11:17:54,-07:00,2026-04-09T11:17:54-07:00,0,5
contact/index.html,1,html,6acf6e2,Jacob,2026-04-04,22:39:37,-07:00,2026-04-04T22:39:37-07:00,0,13
contact/index.html,2,html,6acf6e2,Jacob,2026-04-04,22:39:37,-07:00,2026-04-04T22:39:37-07:00,0,14
contact/index.html,3,html,6acf6e2,Jacob,2026-04-04,22:39:37,-07:00,2026-04-04T22:39:37-07:00,0,4
contact/index.html,4,html,6acf6e2,Jacob,2026-04-04,22:39:37,-07:00,2026-04-04T22:39:37-07:00,2,20
contact/index.html,5,html,6acf6e2,Jacob,2026-04-04,22:39:37,-07:00,2026-04-04T22:39:37-07:00,2,68
contact/index.html,6,html,6acf6e2,Jacob,2026-04-04,22:39:37,-07:00,2026-04-04T22:39:37-07:00,2,20
contact/index.html,7,html,6acf6e2,Jacob,2026-04-04,22:39:37,-07:00,2026-04-04T22:39:37-07:00,2,41
contact/index.html,8,html,f9ebd7a7,Jacob Kavanal,2026-04-15,16:50:35,-07:00,2026-04-15T16:50:35-07:00,2,48
contact/index.html,9,html,6acf6e2,Jacob,2026-04-04,22:39:37,-07:00,2026-04-04T22:39:37-07:00,0,5
contact/index.html,10,html,6acf6e2,Jacob,2026-04-04,22:39:37,-07:00,2026-04-04T22:39:37-07:00,0,4
contact/index.html,11,html,6acf6e2,Jacob,2026-04-04,22:39:37,-07:00,2026-04-04T22:39:37-07:00,2,14
contact/index.html,12,html,f9ebd7a7,Jacob Kavanal,2026-04-15,16:50:35,-07:00,2026-04-15T16:50:35-07:00,2,4
contact/index.html,13,html,5e7ffe39,Jacob Kavanal,2026-04-09,11:17:54,-07:00,2026-04-09T11:17:54-07:00,4,43
contact/index.html,14,html,5e7ffe39,Jacob Kavanal,2026-04-09,11:17:54,-07:00,2026-04-09T11:17:54-07:00,4,51
contact/index.html,15,html,6acf6e2,Jacob,2026-04-04,22:39:37,-07:00,2026-04-04T22:39:37-07:00,4,21
contact/index.html,16,html,6acf6e2,Jacob,2026-04-04,22:39:37,-07:00,2026-04-04T22:39:37-07:00,2,5
contact/index.html,17,html,6acf6e2,Jacob,2026-04-04,22:39:37,-07:00,2026-04-04T22:39:37-07:00,0,5
contact/index.html,18,html,6acf6e2,Jacob,2026-04-04,22:39:37,-07:00,2026-04-04T22:39:37-07:00,0,5
